ID,year,cast,niskin,UTCDatetime,localTime,day,lon,lat,depth,date,temp,sal,sigma_T,oxygen,PAR,chl,chl_fl,POC,chl_btl,phaeo,POC_btl,PON,PO4,SiO4,NO3
20221014_smode1_C1N1_16S.exp.,2022,1,1,10/14/2022 17:52:00,0.744444444,14,-124.5656,37.0259,NaN,2022-10-14,NaN,NaN,NaN,NaN,NaN,NaN,NaN,NaN,NaN,NaN,NaN,NaN,NaN,NaN,NaN
20221014_smode1_C1N10_16S.exp.,2022,1,10,10/14/2022 17:52:00,0.744444444,14,-124.5656,37.0259,NaN,2022-10-14,NaN,NaN,NaN,NaN,NaN,NaN,NaN,NaN,NaN,NaN,NaN,NaN,NaN,NaN,NaN
20221014_smode1_C1N2_16S.exp.,2022,1,2,10/14/2022 17:52:00,0.744444444,14,-124.5656,37.0259,NaN,2022-10-14,NaN,NaN,NaN,NaN,NaN,NaN,NaN,NaN,NaN,NaN,NaN,NaN,NaN,NaN,NaN
20221014_smode1_C1N4_16S.exp.,2022,1,4,10/14/2022 17:52:00,0.744444444,14,-124.5656,37.0259,NaN,2022-10-14,NaN,NaN,NaN,NaN,NaN,NaN,NaN,NaN,NaN,NaN,NaN,NaN,NaN,NaN,NaN
20221014_smode1_C1N7_16S.exp.,2022,1,7,10/14/2022 17:52:00,0.744444444,14,-124.5656,37.0259,NaN,2022-10-14,NaN,NaN,NaN,NaN,NaN,NaN,NaN,NaN,NaN,NaN,NaN,NaN,NaN,NaN,NaN
20221014_smode1_C1N8_16S.exp.,2022,1,8,10/14/2022 17:52:00,0.744444444,14,-124.5656,37.0259,NaN,2022-10-14,NaN,NaN,NaN,NaN,NaN,NaN,NaN,NaN,NaN,NaN,NaN,NaN,NaN,NaN,NaN
20221014_smode1_C2N1_16S.exp.,2022,2,1,10/14/2022 20:54:00,0.870833333,14,-124.5534,37.1501,NaN,2022-10-14,NaN,NaN,NaN,NaN,NaN,NaN,NaN,NaN,NaN,NaN,NaN,NaN,NaN,NaN,NaN
20221014_smode1_C2N10_16S.exp.,2022,2,10,10/14/2022 20:54:00,0.870833333,14,-124.5534,37.1501,NaN,2022-10-14,NaN,NaN,NaN,NaN,NaN,NaN,NaN,NaN,NaN,NaN,NaN,NaN,NaN,NaN,NaN
20221014_smode1_C2N3_16S.exp.,2022,2,3,10/14/2022 20:54:00,0.870833333,14,-124.5534,37.1501,NaN,2022-10-14,NaN,NaN,NaN,NaN,NaN,NaN,NaN,NaN,NaN,NaN,NaN,NaN,NaN,NaN,NaN
20221014_smode1_C2N5_16S.exp.,2022,2,5,10/14/2022 20:54:00,0.870833333,14,-124.5534,37.1501,NaN,2022-10-14,NaN,NaN,NaN,NaN,NaN,NaN,NaN,NaN,NaN,NaN,NaN,NaN,NaN,NaN,NaN
20221014_smode1_C2N7_16S.exp.,2022,2,7,10/14/2022 20:54:00,0.870833333,14,-124.5534,37.1501,NaN,2022-10-14,NaN,NaN,NaN,NaN,NaN,NaN,NaN,NaN,NaN,NaN,NaN,NaN,NaN,NaN,NaN
20221014_smode1_C2N9_16S.exp.,2022,2,9,10/14/2022 20:54:00,0.870833333,14,-124.5534,37.1501,NaN,2022-10-14,NaN,NaN,NaN,NaN,NaN,NaN,NaN,NaN,NaN,NaN,NaN,NaN,NaN,NaN,NaN
20221015_smode1_C3N1_16S.exp.,2022,3,1,10/16/2022 03:22:00,0.140277778,16,-124.4296,37.1086,NaN,2022-10-16,NaN,NaN,NaN,NaN,NaN,NaN,NaN,NaN,NaN,NaN,NaN,NaN,NaN,NaN,NaN
20221015_smode1_C3N10_16S.exp.,2022,3,10,10/16/2022 03:22:00,0.140277778,16,-124.4296,37.1086,NaN,2022-10-16,NaN,NaN,NaN,NaN,NaN,NaN,NaN,NaN,NaN,NaN,NaN,NaN,NaN,NaN,NaN
20221015_smode1_C3N3_16S.exp.,2022,3,3,10/16/2022 03:22:00,0.140277778,16,-124.4296,37.1086,NaN,2022-10-16,NaN,NaN,NaN,NaN,NaN,NaN,NaN,NaN,NaN,NaN,NaN,NaN,NaN,NaN,NaN
20221015_smode1_C3N4_16S.exp.,2022,3,4,10/16/2022 03:22:00,0.140277778,16,-124.4296,37.1086,NaN,2022-10-16,NaN,NaN,NaN,NaN,NaN,NaN,NaN,NaN,NaN,NaN,NaN,NaN,NaN,NaN,NaN
20221015_smode1_C3N7_16S.exp.,2022,3,7,10/16/2022 03:22:00,0.140277778,16,-124.4296,37.1086,NaN,2022-10-16,NaN,NaN,NaN,NaN,NaN,NaN,NaN,NaN,NaN,NaN,NaN,NaN,NaN,NaN,NaN
20221015_smode1_C3N9_16S.exp.,2022,3,9,10/16/2022 03:22:00,0.140277778,16,-124.4296,37.1086,NaN,2022-10-16,NaN,NaN,NaN,NaN,NaN,NaN,NaN,NaN,NaN,NaN,NaN,NaN,NaN,NaN,NaN
20221019_smode1_C4N1_16S.exp.,2022,4,1,10/19/2022 09:22:00,0.390277778,19,-124.4459,36.9997,NaN,2022-10-19,NaN,NaN,NaN,NaN,NaN,NaN,NaN,NaN,NaN,NaN,NaN,NaN,NaN,NaN,NaN
20221019_smode1_C4N10_16S.exp.,2022,4,10,10/19/2022 09:22:00,0.390277778,19,-124.4459,36.9997,NaN,2022-10-19,NaN,NaN,NaN,NaN,NaN,NaN,NaN,NaN,NaN,NaN,NaN,NaN,NaN,NaN,NaN
20221019_smode1_C4N3_16S.exp.,2022,4,3,10/19/2022 09:22:00,0.390277778,19,-124.4459,36.9997,NaN,2022-10-19,NaN,NaN,NaN,NaN,NaN,NaN,NaN,NaN,NaN,NaN,NaN,NaN,NaN,NaN,NaN
20221019_smode1_C4N7_16S.exp.,2022,4,7,10/19/2022 09:22:00,0.390277778,19,-124.4459,36.9997,NaN,2022-10-19,NaN,NaN,NaN,NaN,NaN,NaN,NaN,NaN,NaN,NaN,NaN,NaN,NaN,NaN,NaN
20221019_smode1_C4N9_16S.exp.,2022,4,9,10/19/2022 09:22:00,0.390277778,19,-124.4459,36.9997,NaN,2022-10-19,NaN,NaN,NaN,NaN,NaN,NaN,NaN,NaN,NaN,NaN,NaN,NaN,NaN,NaN,NaN
20221019_smode1_C5N1_16S.exp.,2022,5,1,10/19/2022 10:22:00,0.431944444,19,-124.4418,36.9525,NaN,2022-10-19,NaN,NaN,NaN,NaN,NaN,NaN,NaN,NaN,NaN,NaN,NaN,NaN,NaN,NaN,NaN
20221019_smode1_C5N10_16S.exp.,2022,5,10,10/19/2022 10:22:00,0.431944444,19,-124.4418,36.9525,NaN,2022-10-19,NaN,NaN,NaN,NaN,NaN,NaN,NaN,NaN,NaN,NaN,NaN,NaN,NaN,NaN,NaN
20221019_smode1_C5N3_16S.exp.,2022,5,3,10/19/2022 10:22:00,0.431944444,19,-124.4418,36.9525,NaN,2022-10-19,NaN,NaN,NaN,NaN,NaN,NaN,NaN,NaN,NaN,NaN,NaN,NaN,NaN,NaN,NaN
20221019_smode1_C5N7_16S.exp.,2022,5,7,10/19/2022 10:22:00,0.431944444,19,-124.4418,36.9525,NaN,2022-10-19,NaN,NaN,NaN,NaN,NaN,NaN,NaN,NaN,NaN,NaN,NaN,NaN,NaN,NaN,NaN
20221019_smode1_C5N9_16S.exp.,2022,5,9,10/19/2022 10:22:00,0.431944444,19,-124.4418,36.9525,NaN,2022-10-19,NaN,NaN,NaN,NaN,NaN,NaN,NaN,NaN,NaN,NaN,NaN,NaN,NaN,NaN,NaN
20221019_smode1_C6N1_16S.exp.,2022,6,1,10/19/2022 11:48:00,0.491666667,19,-124.4431,36.9286,NaN,2022-10-19,NaN,NaN,NaN,NaN,NaN,NaN,NaN,NaN,NaN,NaN,NaN,NaN,NaN,NaN,NaN
20221019_smode1_C6N10_16S.exp.,2022,6,10,10/19/2022 11:48:00,0.491666667,19,-124.4431,36.9286,NaN,2022-10-19,NaN,NaN,NaN,NaN,NaN,NaN,NaN,NaN,NaN,NaN,NaN,NaN,NaN,NaN,NaN
20221019_smode1_C6N3_16S.exp.,2022,6,3,10/19/2022 11:48:00,0.491666667,19,-124.4431,36.9286,NaN,2022-10-19,NaN,NaN,NaN,NaN,NaN,NaN,NaN,NaN,NaN,NaN,NaN,NaN,NaN,NaN,NaN
20221019_smode1_C6N7_16S.exp.,2022,6,7,10/19/2022 11:48:00,0.491666667,19,-124.4431,36.9286,NaN,2022-10-19,NaN,NaN,NaN,NaN,NaN,NaN,NaN,NaN,NaN,NaN,NaN,NaN,NaN,NaN,NaN
20221019_smode1_C6N9_16S.exp.,2022,6,9,10/19/2022 11:48:00,0.491666667,19,-124.4431,36.9286,NaN,2022-10-19,NaN,NaN,NaN,NaN,NaN,NaN,NaN,NaN,NaN,NaN,NaN,NaN,NaN,NaN,NaN
20221019_smode1_C7N1_16S.exp.,2022,7,1,10/19/2022 12:38:00,0.526388889,19,-124.4414,36.8952,NaN,2022-10-19,NaN,NaN,NaN,NaN,NaN,NaN,NaN,NaN,NaN,NaN,NaN,NaN,NaN,NaN,NaN
20221019_smode1_C7N10_16S.exp.,2022,7,10,10/19/2022 12:38:00,0.526388889,19,-124.4414,36.8952,NaN,2022-10-19,NaN,NaN,NaN,NaN,NaN,NaN,NaN,NaN,NaN,NaN,NaN,NaN,NaN,NaN,NaN
20221019_smode1_C7N3_16S.exp.,2022,7,3,10/19/2022 12:38:00,0.526388889,19,-124.4414,36.8952,NaN,2022-10-19,NaN,NaN,NaN,NaN,NaN,NaN,NaN,NaN,NaN,NaN,NaN,NaN,NaN,NaN,NaN
20221019_smode1_C7N7_16S.exp.,2022,7,7,10/19/2022 12:38:00,0.526388889,19,-124.4414,36.8952,NaN,2022-10-19,NaN,NaN,NaN,NaN,NaN,NaN,NaN,NaN,NaN,NaN,NaN,NaN,NaN,NaN,NaN
20221019_smode1_C7N9_16S.exp.,2022,7,9,10/19/2022 12:38:00,0.526388889,19,-124.4414,36.8952,NaN,2022-10-19,NaN,NaN,NaN,NaN,NaN,NaN,NaN,NaN,NaN,NaN,NaN,NaN,NaN,NaN,NaN
20221019_smode1_C8N1_16S.exp.,2022,8,1,10/19/2022 13:27:00,0.560416667,19,-124.4438,36.8338,NaN,2022-10-19,NaN,NaN,NaN,NaN,NaN,NaN,NaN,NaN,NaN,NaN,NaN,NaN,NaN,NaN,NaN
20221019_smode1_C8N10_16S.exp.,2022,8,10,10/19/2022 13:27:00,0.560416667,19,-124.4438,36.8338,NaN,2022-10-19,NaN,NaN,NaN,NaN,NaN,NaN,NaN,NaN,NaN,NaN,NaN,NaN,NaN,NaN,NaN
20221019_smode1_C8N3_16S.exp.,2022,8,3,10/19/2022 13:27:00,0.560416667,19,-124.4438,36.8338,NaN,2022-10-19,NaN,NaN,NaN,NaN,NaN,NaN,NaN,NaN,NaN,NaN,NaN,NaN,NaN,NaN,NaN
20221019_smode1_C8N7_16S.exp.,2022,8,7,10/19/2022 13:27:00,0.560416667,19,-124.4438,36.8338,NaN,2022-10-19,NaN,NaN,NaN,NaN,NaN,NaN,NaN,NaN,NaN,NaN,NaN,NaN,NaN,NaN,NaN
20221019_smode1_C8N9_16S.exp.,2022,8,9,10/19/2022 13:27:00,0.560416667,19,-124.4438,36.8338,NaN,2022-10-19,NaN,NaN,NaN,NaN,NaN,NaN,NaN,NaN,NaN,NaN,NaN,NaN,NaN,NaN,NaN
20221025_smode1_C10N1_16S.exp.,2022,10,1,10/25/2022 08:34:00,0.356944444,25,-124.0722,36.8648,NaN,2022-10-25,NaN,NaN,NaN,NaN,NaN,NaN,NaN,NaN,NaN,NaN,NaN,NaN,NaN,NaN,NaN
20221025_smode1_C10N10_16S.exp.,2022,10,10,10/25/2022 08:34:00,0.356944444,25,-124.0722,36.8648,NaN,2022-10-25,NaN,NaN,NaN,NaN,NaN,NaN,NaN,NaN,NaN,NaN,NaN,NaN,NaN,NaN,NaN
20221025_smode1_C10N3_16S.exp.,2022,10,3,10/25/2022 08:34:00,0.356944444,25,-124.0722,36.8648,NaN,2022-10-25,NaN,NaN,NaN,NaN,NaN,NaN,NaN,NaN,NaN,NaN,NaN,NaN,NaN,NaN,NaN
20221025_smode1_C10N7_16S.exp.,2022,10,7,10/25/2022 08:34:00,0.356944444,25,-124.0722,36.8648,NaN,2022-10-25,NaN,NaN,NaN,NaN,NaN,NaN,NaN,NaN,NaN,NaN,NaN,NaN,NaN,NaN,NaN
20221025_smode1_C10N9_16S.exp.,2022,10,9,10/25/2022 08:34:00,0.356944444,25,-124.0722,36.8648,NaN,2022-10-25,NaN,NaN,NaN,NaN,NaN,NaN,NaN,NaN,NaN,NaN,NaN,NaN,NaN,NaN,NaN
20221025_smode1_C11N1_16S.exp.,2022,11,1,10/25/2022 09:17:00,0.386805556,25,-124.0544,36.8245,NaN,2022-10-25,NaN,NaN,NaN,NaN,NaN,NaN,NaN,NaN,NaN,NaN,NaN,NaN,NaN,NaN,NaN
20221025_smode1_C11N10_16S.exp.,2022,11,10,10/25/2022 09:17:00,0.386805556,25,-124.0544,36.8245,NaN,2022-10-25,NaN,NaN,NaN,NaN,NaN,NaN,NaN,NaN,NaN,NaN,NaN,NaN,NaN,NaN,NaN
20221025_smode1_C11N2_16S.exp.,2022,11,2,10/25/2022 09:17:00,0.386805556,25,-124.0544,36.8245,NaN,2022-10-25,NaN,NaN,NaN,NaN,NaN,NaN,NaN,NaN,NaN,NaN,NaN,NaN,NaN,NaN,NaN
20221025_smode1_C11N3_16S.exp.,2022,11,3,10/25/2022 09:17:00,0.386805556,25,-124.0544,36.8245,NaN,2022-10-25,NaN,NaN,NaN,NaN,NaN,NaN,NaN,NaN,NaN,NaN,NaN,NaN,NaN,NaN,NaN
20221025_smode1_C11N7_16S.exp.,2022,11,7,10/25/2022 09:17:00,0.386805556,25,-124.0544,36.8245,NaN,2022-10-25,NaN,NaN,NaN,NaN,NaN,NaN,NaN,NaN,NaN,NaN,NaN,NaN,NaN,NaN,NaN
20221025_smode1_C12N1_16S.exp.,2022,12,1,10/25/2022 10:00:00,0.416666667,25,-124.0414,36.7919,NaN,2022-10-25,NaN,NaN,NaN,NaN,NaN,NaN,NaN,NaN,NaN,NaN,NaN,NaN,NaN,NaN,NaN
20221025_smode1_C12N10_16S.exp.,2022,12,10,10/25/2022 10:00:00,0.416666667,25,-124.0414,36.7919,NaN,2022-10-25,NaN,NaN,NaN,NaN,NaN,NaN,NaN,NaN,NaN,NaN,NaN,NaN,NaN,NaN,NaN
20221025_smode1_C12N3_16S.exp.,2022,12,3,10/25/2022 10:00:00,0.416666667,25,-124.0414,36.7919,NaN,2022-10-25,NaN,NaN,NaN,NaN,NaN,NaN,NaN,NaN,NaN,NaN,NaN,NaN,NaN,NaN,NaN
20221025_smode1_C12N7_16S.exp.,2022,12,7,10/25/2022 10:00:00,0.416666667,25,-124.0414,36.7919,NaN,2022-10-25,NaN,NaN,NaN,NaN,NaN,NaN,NaN,NaN,NaN,NaN,NaN,NaN,NaN,NaN,NaN
20221025_smode1_C12N9_16S.exp.,2022,12,9,10/25/2022 10:00:00,0.416666667,25,-124.0414,36.7919,NaN,2022-10-25,NaN,NaN,NaN,NaN,NaN,NaN,NaN,NaN,NaN,NaN,NaN,NaN,NaN,NaN,NaN
20221025_smode1_C13N1_16S.exp.,2022,13,1,10/25/2022 10:43:00,0.446527778,25,-124.0284,36.7556,NaN,2022-10-25,NaN,NaN,NaN,NaN,NaN,NaN,NaN,NaN,NaN,NaN,NaN,NaN,NaN,NaN,NaN
20221025_smode1_C13N10_16S.exp.,2022,13,10,10/25/2022 10:43:00,0.446527778,25,-124.0284,36.7556,NaN,2022-10-25,NaN,NaN,NaN,NaN,NaN,NaN,NaN,NaN,NaN,NaN,NaN,NaN,NaN,NaN,NaN
20221025_smode1_C13N3_16S.exp.,2022,13,3,10/25/2022 10:43:00,0.446527778,25,-124.0284,36.7556,NaN,2022-10-25,NaN,NaN,NaN,NaN,NaN,NaN,NaN,NaN,NaN,NaN,NaN,NaN,NaN,NaN,NaN
20221025_smode1_C13N7_16S.exp.,2022,13,7,10/25/2022 10:43:00,0.446527778,25,-124.0284,36.7556,NaN,2022-10-25,NaN,NaN,NaN,NaN,NaN,NaN,NaN,NaN,NaN,NaN,NaN,NaN,NaN,NaN,NaN
20221025_smode1_C13N9_16S.exp.,2022,13,9,10/25/2022 10:43:00,0.446527778,25,-124.0284,36.7556,NaN,2022-10-25,NaN,NaN,NaN,NaN,NaN,NaN,NaN,NaN,NaN,NaN,NaN,NaN,NaN,NaN,NaN
20221025_smode1_C14N1_16S.exp.,2022,14,1,10/25/2022 11:26:00,0.476388889,25,-124.0164,36.7195,NaN,2022-10-25,NaN,NaN,NaN,NaN,NaN,NaN,NaN,NaN,NaN,NaN,NaN,NaN,NaN,NaN,NaN
20221025_smode1_C14N10_16S.exp.,2022,14,10,10/25/2022 11:26:00,0.476388889,25,-124.0164,36.7195,NaN,2022-10-25,NaN,NaN,NaN,NaN,NaN,NaN,NaN,NaN,NaN,NaN,NaN,NaN,NaN,NaN,NaN
20221025_smode1_C14N3_16S.exp.,2022,14,3,10/25/2022 11:26:00,0.476388889,25,-124.0164,36.7195,NaN,2022-10-25,NaN,NaN,NaN,NaN,NaN,NaN,NaN,NaN,NaN,NaN,NaN,NaN,NaN,NaN,NaN
20221025_smode1_C14N7_16S.exp.,2022,14,7,10/25/2022 11:26:00,0.476388889,25,-124.0164,36.7195,NaN,2022-10-25,NaN,NaN,NaN,NaN,NaN,NaN,NaN,NaN,NaN,NaN,NaN,NaN,NaN,NaN,NaN
20221025_smode1_C14N9_16S.exp.,2022,14,9,10/25/2022 11:26:00,0.476388889,25,-124.0164,36.7195,NaN,2022-10-25,NaN,NaN,NaN,NaN,NaN,NaN,NaN,NaN,NaN,NaN,NaN,NaN,NaN,NaN,NaN
20221027_smode1_blank_16S.exp.,2022,0,0,NaT,NaN,NaN,NaN,NaN,NaN,NaT,NaN,NaN,NaN,NaN,NaN,NaN,NaN,NaN,NaN,NaN,NaN,NaN,NaN,NaN,NaN
20221027_smode1_C15N10_16S.exp.,2022,15,10,10/27/2022 23:54:00,0.995833333,27,-123.9571,36.6017,NaN,2022-10-27,NaN,NaN,NaN,NaN,NaN,NaN,NaN,NaN,NaN,NaN,NaN,NaN,NaN,NaN,NaN
20221027_smode1_C15N3_16S.exp.,2022,15,3,10/27/2022 23:54:00,0.995833333,27,-123.9571,36.6017,NaN,2022-10-27,NaN,NaN,NaN,NaN,NaN,NaN,NaN,NaN,NaN,NaN,NaN,NaN,NaN,NaN,NaN
20221027_smode1_C15N4_16S.exp.,2022,15,4,10/27/2022 23:54:00,0.995833333,27,-123.9571,36.6017,NaN,2022-10-27,NaN,NaN,NaN,NaN,NaN,NaN,NaN,NaN,NaN,NaN,NaN,NaN,NaN,NaN,NaN
20221027_smode1_C15N7_16S.exp.,2022,15,7,10/27/2022 23:54:00,0.995833333,27,-123.9571,36.6017,NaN,2022-10-27,NaN,NaN,NaN,NaN,NaN,NaN,NaN,NaN,NaN,NaN,NaN,NaN,NaN,NaN,NaN
20221027_smode1_C15N8_16S.exp.,2022,15,8,10/27/2022 23:54:00,0.995833333,27,-123.9571,36.6017,NaN,2022-10-27,NaN,NaN,NaN,NaN,NaN,NaN,NaN,NaN,NaN,NaN,NaN,NaN,NaN,NaN,NaN
20221027_smode1_C15N9_16S.exp.,2022,15,9,10/27/2022 23:54:00,0.995833333,27,-123.9571,36.6017,NaN,2022-10-27,NaN,NaN,NaN,NaN,NaN,NaN,NaN,NaN,NaN,NaN,NaN,NaN,NaN,NaN,NaN
20230411_smode2_B1.16S.exp.,2023,1,0,04/11/2023 16:03:00,0.66875,11,-123.833542,37.025004,NaN,2023-04-11,12.296,32.7242847314068,24.647,6.283,888.8313493,NaN,0.239,NaN,NaN,NaN,NaN,NaN,NaN,NaN,NaN
20230411_smode2_B10.16S.exp.,2023,10,0,04/11/2023 23:30:00,0.979166667,11,NaN,NaN,NaN,2023-04-11,12.732,33.0869428245506,24.843,6.539,2658.784678,1.007,0.603,15.29794,0.77,1.01,10.625,1.464408846,0.289,4.9395,4.316
20230411_smode2_B2.16S.exp.,2023,2,0,04/11/2023 16:30:00,0.6875,11,-124.005788,37.328717,NaN,2023-04-11,12.287,32.7423732685656,24.662,6.248,1724.217317,0.745,0.464,14.27104,0.58,0.72,8.3053,1.291984814,0.1415,1.3455,0.422
20230411_smode2_B3.16S.exp.,2023,3,0,04/11/2023 17:00:00,0.7083333,11,-124.567586,36.713605,NaN,2023-04-11,11.989,32.7685002943994,24.739,6.228,2119.645995,NaN,0.569,NaN,NaN,NaN,NaN,NaN,NaN,NaN,NaN
20230411_smode2_B4.16S.exp.,2023,4,0,04/11/2023 17:30:00,0.7291667,11,-124.874158,36.782081,NaN,2023-04-11,12.059,32.6820983257999,24.659,6.312,2409.746671,0.71,0.371,14.04284,0.82,0.27,10.0401,1.503465224,0.1885,2.5205,0.899
20230411_smode2_B5.16S.exp.,2023,5,0,04/11/2023 21:00:00,0.875,11,-124.783509,37.481921,NaN,2023-04-11,12.474,32.7855655591355,24.66,6.26,2456.771327,NaN,0.323,NaN,0.8,0.11,NaN,NaN,0.1275,1.206,0.2495
20230411_smode2_B6.16S.exp.,2023,6,0,04/11/2023 21:30:00,0.8958333,11,-124.881282,37.158902,NaN,2023-04-11,12.435,32.7574238587382,24.645,6.298,2621.119301,0.743,0.34,14.54488,0.83,0.49,NaN,NaN,0.1465,2.575,0.5385
20230411_smode2_B7.16S.exp.,2023,7,0,04/11/2023 22:00:00,0.9166667,11,NaN,NaN,NaN,2023-04-11,12.197,32.8337748766407,24.75,6.38,2769.416668,0.809,0.419,14.20258,1.05,0.67,NaN,NaN,0.262,4.5515,2.4465
20230411_smode2_B8.16S.exp.,2023,8,0,04/11/2023 22:30:00,0.91875,11,-123.791269,37.117527,NaN,2023-04-11,12.518,33.0316992109359,24.842,6.453,2596.186668,0.917,0.383,13.90592,0.96,0.73,NaN,NaN,0.3375,4.3215,3.9775
20230411_smode2_B9.16S.exp.,2023,9,0,04/11/2023 23:00:00,0.9583333,11,-123.924169,37.0406,NaN,2023-04-11,12.764,33.0748943174949,24.827,6.871,2789.400705,1.791,0.85,18.19608,1.83,0.71,NaN,NaN,0.1365,3.3155,1.6575
20230411_smode2_C1N13.16S.exp.,2023,1,13,04/11/2023 12:57:01,0.539594907,11,-123.8335,37.025,NaN,2023-04-11,NaN,NaN,NaN,NaN,NaN,NaN,NaN,NaN,NaN,NaN,NaN,NaN,NaN,NaN,NaN
20230411_smode2_C1N16.16S.exp.,2023,1,16,04/11/2023 12:57:01,0.539594907,11,-123.8335,37.025,NaN,2023-04-11,NaN,NaN,NaN,NaN,NaN,NaN,NaN,NaN,NaN,NaN,NaN,NaN,NaN,NaN,NaN
20230411_smode2_C1N19.16S.exp.,2023,1,19,04/11/2023 12:57:01,0.539594907,11,-123.8335,37.025,NaN,2023-04-11,NaN,NaN,NaN,NaN,NaN,NaN,NaN,NaN,NaN,NaN,NaN,NaN,NaN,NaN,NaN
20230411_smode2_C1N7.16S.exp.,2023,1,7,04/11/2023 12:57:01,0.539594907,11,-123.8335,37.025,NaN,2023-04-11,NaN,NaN,NaN,NaN,NaN,NaN,NaN,NaN,NaN,NaN,NaN,NaN,NaN,NaN,NaN
20230411_smode2_C1N9.16S.exp.,2023,1,9,04/11/2023 12:57:01,0.539594907,11,-123.8335,37.025,NaN,2023-04-11,NaN,NaN,NaN,NaN,NaN,NaN,NaN,NaN,NaN,NaN,NaN,NaN,NaN,NaN,NaN
20230411_smode2_C2N10.16S.exp.,2023,2,10,04/11/2023 18:35:09,0.774409722,11,-124.0058333,37.32866667,NaN,2023-04-11,NaN,NaN,NaN,NaN,NaN,NaN,NaN,NaN,NaN,NaN,NaN,NaN,NaN,NaN,NaN
20230411_smode2_C2N12.16S.exp.,2023,2,12,04/11/2023 18:35:09,0.774409722,11,-124.0058333,37.32866667,NaN,2023-04-11,NaN,NaN,NaN,NaN,NaN,NaN,NaN,NaN,NaN,NaN,NaN,NaN,NaN,NaN,NaN
20230412_smode2_B11.16S.exp.,2023,11,0,04/12/2023 15:00:00,0.625,12,-123.922674,36.979572,NaN,2023-04-12,11.835,32.6258122473064,24.657,6.32,193.9520004,0.612,0.88,15.77716,0.6,0.27,6.5108,0.984706592,0.195,2.132,0.8615
20230412_smode2_B12.16S.exp.,2023,12,0,04/12/2023 15:30:00,0.6458333,12,-123.924243,36.960474,NaN,2023-04-12,11.997,32.699156312881,24.684,6.282,200.74,0.953,1.017,15.68588,0.79,0.3,6.837,1.067328096,0.1815,1.7115,0.7875
20230412_smode2_B13.16S.exp.,2023,13,0,04/12/2023 16:30:00,0.6875,12,-123.987423,36.867255,NaN,2023-04-12,12.031,32.6288223246294,24.622,6.408,1192.865326,0.653,0.545,31.08938,NaN,NaN,NaN,NaN,NaN,NaN,NaN
20230412_smode2_B14.16S.exp.,2023,14,0,04/12/2023 22:00:00,0.9166667,12,-124.055256,36.897199,NaN,2023-04-12,11.953,32.6689937920931,24.669,5.903,2782.891372,0.842,0.561,NaN,0.91,0.28,8.6584,1.531135144,0.2285,2.7765,1.395
20230412_smode2_B15.16S.exp.,2023,15,0,04/12/2023 22:30:00,0.9375,12,-124.117071,36.89188,NaN,2023-04-12,12.09,32.7131965013996,24.677,5.997,2586.923959,1.318,0.606,NaN,1.26,1,6.7401,1.273015674,0.178,1.494,0.7995
20230412_smode2_B16.16S.exp.,2023,16,0,04/12/2023 23:00:00,0.9583333,12,-124.164392,36.829613,NaN,2023-04-12,12.122,32.7352964876701,24.688,5.759,2847.516659,1.151,0.688,NaN,NaN,NaN,NaN,NaN,NaN,NaN,NaN
20230412_smode2_B17.16S.exp.,2023,17,0,04/12/2023 23:30:00,0.9791667,12,-124.2984,36.916716,NaN,2023-04-12,12.095,32.7342917504946,24.693,5.582,941.8966606,1.017,0.795,16.34766,NaN,NaN,NaN,NaN,NaN,NaN,NaN
20230412_smode2_C3N10.16S.exp.,2023,3,10,04/12/2023 00:08:11,0.00568287,12,-124.5675,36.71366667,20,2023-04-12,11.48585,32.70185,24.9009,236.075,3.2246,NaN,NaN,NaN,1.948877509,0.83572703,15.34385065,1.998370061,0.411,4.1345,4.85773675164372
20230412_smode2_C3N12.16S.exp.,2023,3,12,04/12/2023 00:08:11,0.00568287,12,-124.5675,36.71366667,15,2023-04-12,12.0602,32.77445,24.8506,244.719,7.3495,NaN,NaN,NaN,3.001269079,0.945876546,21.98066748,2.845495767,0.2225,2.8935,2.27120762086305
20230412_smode2_C3N16.16S.exp.,2023,3,16,04/12/2023 00:08:11,0.00568287,12,-124.5675,36.71366667,5,2023-04-12,12.20125,32.79325,24.8372,247.1675,67.744,NaN,NaN,NaN,2.64754033,1.151851181,22.29072446,2.793752108,0.1835,2.905,1.72217727044362
20230412_smode2_C3N4.16S.exp.,2023,3,4,04/12/2023 00:08:11,0.00568287,12,-124.5675,36.71366667,100,2023-04-12,9.5824,33.72495,26.0246,108.788,0.09751,NaN,NaN,NaN,0.084087631,0.462320115,1.640872616,0.163592497,1.818,27.1555,29.539670814772
20230412_smode2_C3N8.16S.exp.,2023,3,8,04/12/2023 00:08:11,0.00568287,12,-124.5675,36.71366667,40,2023-04-12,10.592375,33.011125,25.298,198.0225,0.63285,NaN,NaN,NaN,0.743099993,0.968747059,2.472284798,0.400128581,0.979,9.783,14.3916973347256
20230412_smode2_C4N10.16S.exp.,2023,4,10,04/12/2023 06:17:31,0.262164352,12,-124.8741667,36.78216667,5,2023-04-12,11.5622,32.525,24.7472,248.365,0.09751,NaN,NaN,NaN,2.22636669,0.908215468,18.51703827,2.737342851,0.1255,1.673,0.175268667007583
20230412_smode2_C4N4.16S.exp.,2023,4,4,04/12/2023 06:17:31,0.262164352,12,-124.8741667,36.78216667,100,2023-04-12,9.39215,33.7916,26.108,105.393,0.09751,NaN,NaN,NaN,0.034612815,0.120490902,0,0,1.718,26.012,27.9132691949317
20230412_smode2_C4N8.16S.exp.,2023,4,8,04/12/2023 06:17:31,0.262164352,12,-124.8741667,36.78216667,30,2023-04-12,11.3892,33.045725,25.18325,214.837,0.09751,NaN,NaN,NaN,0.418482628,0.482398498,2.173578692,0.445818425,0.5775,6.7085,7.60231322589116
20230412_smode2_C5N10.16S.exp.,2023,5,10,04/12/2023 17:09:54,0.715208333,12,-124.7835,37.482,28,2023-04-12,11.29925,32.494,24.771,226.239,11.268,NaN,0.379892552729783,2.15389,0.964074465,0.3794661,6.527060652,1.146371287,0.217,3.287,1.73878993985944
20230412_smode2_C5N14.16S.exp.,2023,5,14,04/12/2023 17:09:54,0.715208333,12,-124.7835,37.482,10,2023-04-12,11.27835,32.46875,24.7547,226.536,103.57,NaN,0.520843532729783,2.763385,0.870018842,0.41040052,5.866220296,1.032883459,0.265,3.624,1.89789908870192
20230412_smode2_C5N18.16S.exp.,2023,5,18,04/12/2023 17:09:54,0.715208333,12,-124.7835,37.482,5,2023-04-12,11.2799,32.46845,24.7543,226.55,223.14,NaN,0.467509352729783,2.822455,1.071247689,0.519682089,5.611637162,1.111090057,0.268,3.5995,1.95103617192736
20230412_smode2_C5N4.16S.exp.,2023,5,4,04/12/2023 17:09:54,0.715208333,12,-124.7835,37.482,100,2023-04-12,9.716525,33.616625,25.9184,123.49,0.09751,NaN,0.0353853327297828,0,0.064532368,0.14815166,8.116552524,1.252252803,1.622,22.726,27.990058318009
20230412_smode2_C5N8.16S.exp.,2023,5,8,04/12/2023 17:09:54,0.715208333,12,-124.7835,37.482,55,2023-04-12,11.1585,32.83185,25.0573,213.147,1.05,NaN,0.332976812729783,0.0944950000000002,0.33830605,0.342974495,2.661097206,0.396230795,0.513,5.2135,6.06542056851654
20230412_smode2_C6N10.16S.exp.,2023,6,10,04/12/2023 23:13:01,0.967372685,12,-124.8813333,37.159,20,2023-04-12,11.5724,32.5862,24.7929,220.746,25.04,NaN,0.976450892729783,6.31027,NaN,NaN,NaN,NaN,NaN,NaN,NaN
20230412_smode2_C6N16.16S.exp.,2023,6,16,04/12/2023 23:13:01,0.967372685,12,-124.8813333,37.159,5,2023-04-12,11.56445,32.58585,24.7943,221.1035,213.33,NaN,0.986333252729783,6.543865,NaN,NaN,NaN,NaN,NaN,NaN,NaN
20230412_smode2_C6N4.16S.exp.,2023,6,4,04/12/2023 23:13:01,0.967372685,12,-124.8813333,37.159,180,2023-04-12,8.730275,34.01255,26.38655,72.1075,0.09751,NaN,0.0232616127297828,0.25291,NaN,NaN,NaN,NaN,NaN,NaN,NaN
20230416_smode2_B18.16S.exp.,2023,18,0,04/12/2023 22:43:00,0.9465278,12,-124.253026,36.863094,NaN,2023-04-12,12.141,32.7342934532698,24.684,5.862,1155.922595,1.473,0.768,NaN,NaN,NaN,NaN,NaN,NaN,NaN,NaN
20230416_smode2_B19.16S.exp.,2023,19,0,04/16/2023 16:00:00,0.6666667,16,-124.21846,36.832061,NaN,2023-04-16,11.996,33.1874347521997,25.06,5.96,637.5839983,0.565,0.51,13.28978,0.48,0.51,4.7339,0.821601733,0.432,5.445,5.182
20230416_smode2_B20.16S.exp.,2023,20,0,04/16/2023 16:56:00,0.7055556,16,-124.226285,36.812096,NaN,2023-04-16,12.253,33.2125620253637,25.032,6.505,1394.796663,2.587,1.309,21.6419,NaN,NaN,NaN,NaN,NaN,NaN,NaN
20230416_smode2_B21.16S.exp.,2023,21,0,04/16/2023 17:07:00,0.7131944,16,-124.226994,36.794911,NaN,2023-04-16,12.322,33.1904598288137,25.001,6.59,1405.242,3.139,1.492,24.4944,NaN,NaN,NaN,NaN,NaN,NaN,NaN
20230416_smode2_B22.16S.exp.,2023,22,0,04/16/2023 17:16:00,0.7194444,16,-124.453638,36.786218,NaN,2023-04-16,11.586,32.9664052425148,24.965,6.783,1466.566671,NaN,0.863,NaN,NaN,NaN,NaN,NaN,NaN,NaN,NaN
20230416_smode2_B23.16S.exp.,2023,23,0,04/16/2023 17:29:00,0.7284722,16,-124.488553,36.80382,NaN,2023-04-16,11.053,32.7825408070668,24.919,6.307,1556.940002,1.256,0.558,16.78124,NaN,NaN,NaN,NaN,NaN,NaN,NaN
20230416_smode2_B24.16S.exp.,2023,24,0,04/16/2023 17:42:00,0.7375,16,-124.579426,36.831868,NaN,2023-04-16,11.066,32.7845525697898,24.919,6.268,2009.924911,1.187,0.441,15.79998,NaN,NaN,NaN,NaN,NaN,NaN,NaN
20230416_smode2_B25.16S.exp.,2023,25,0,04/16/2023 17:54:00,0.7458333,16,NaN,NaN,NaN,2023-04-16,11.174,32.8096731125123,24.919,6.263,1863.816069,1.429,0.514,16.80406,NaN,NaN,NaN,NaN,NaN,NaN,NaN
20230416_smode2_B26.16S.exp.,2023,26,0,04/16/2023 18:05:00,0.7534722,16,-124.769252,36.762463,NaN,2023-04-16,11.327,32.7634571552192,24.856,6.179,2327.531356,0.873,0.328,15.73152,NaN,NaN,NaN,NaN,NaN,NaN,NaN
20230416_smode2_B27.16S.exp.,2023,27,0,04/16/2023 18:32:00,0.7722222,16,-124.904974,36.801869,NaN,2023-04-16,11.581,32.7252817576987,24.78,6.107,2474.83,0.441,0.142,13.35824,NaN,NaN,NaN,NaN,NaN,NaN,NaN
20230416_smode2_B28.16S.exp.,2023,28,0,04/17/2023 11:23:00,0.474305556,17,-123.775688,37.201738,5,2023-04-17,11.273,32.7755309647304,24.874,6.481,4.12,2.251,1.738,15.57178,NaN,NaN,NaN,NaN,NaN,NaN,NaN
20230416_smode2_B29.16S.exp.,2023,29,0,04/17/2023 11:33:00,0.48125,17,-123.779085,37.183694,5,2023-04-17,11.455,32.8117001185141,24.87,7.068,4.12,4.576,4.539,24.35748,NaN,NaN,NaN,NaN,NaN,NaN,NaN
20230416_smode2_B30.16S.exp.,2023,30,0,04/17/2023 11:57:00,0.497916667,17,-123.787738,37.141244,5,2023-04-17,11.485,32.8378200393605,24.885,7.152,4.12,4.861,4.622,23.90108,NaN,NaN,NaN,NaN,NaN,NaN,NaN
20230417_smode2_B31.16S.exp.,2023,31,0,NaT,NaN,NaN,NaN,NaN,5,NaT,NaN,NaN,NaN,NaN,NaN,NaN,NaN,NaN,NaN,NaN,NaN,NaN,NaN,NaN,NaN
20230417_smode2_B32.16S.exp.,2023,32,0,04/18/2023 20:05:00,0.836805556,18,-123.96989,36.940012,5,2023-04-18,11.428,32.7353245617336,24.816,6.33,2454.016666,NaN,0.234,11.8293,NaN,NaN,NaN,NaN,NaN,NaN,NaN
20230417_smode2_B33.16S.exp.,2023,33,0,04/18/2023 20:37:00,0.859027778,18,-123.969934,36.950379,5,2023-04-18,11.805,32.765467496403,24.77,6.415,2318.635367,NaN,0.228,11.53264,NaN,NaN,NaN,NaN,NaN,NaN,NaN
20230417_smode2_B34.16S.exp.,2023,34,0,04/18/2023 20:42:00,0.8625,18,-123.969751,36.959156,5,2023-04-18,12.096,32.8950792319565,24.817,7.225,2396.46,NaN,0.5,16.59868,NaN,NaN,NaN,NaN,NaN,NaN,NaN
20230417_smode2_B35.16S.exp.,2023,35,0,04/18/2023 20:49:00,0.867361111,18,-123.96991,36.971237,5,2023-04-18,11.987,32.9141702093031,24.851,7.224,2463.646666,NaN,0.828,21.11704,NaN,NaN,NaN,NaN,NaN,NaN,NaN
20230417_smode2_B36.16S.exp.,2023,36,0,04/18/2023 20:59:00,0.874305556,18,-123.970145,36.988048,5,2023-04-18,12.359,32.9201999941862,24.786,7.338,2491.778664,NaN,0.777,20.56936,NaN,NaN,NaN,NaN,NaN,NaN,NaN
20230417_smode2_B37.16S.exp.,2023,37,0,04/18/2023 21:10:00,0.881944444,18,-123.970155,37.006303,5,2023-04-18,12.153,32.9222109442952,24.826,7.366,2557.957337,NaN,0.737,20.63782,NaN,NaN,NaN,NaN,NaN,NaN,NaN
20230417_smode2_B38.16S.exp.,2023,38,0,04/18/2023 21:20:00,0.888888889,18,-123.969774,37.023271,5,2023-04-18,13.786,32.9232170452377,24.545,6.706,2367.855309,NaN,0.672,19.29144,NaN,NaN,NaN,NaN,NaN,NaN,NaN
20230417_smode2_B39.16S.exp.,2023,39,0,04/18/2023 22:14:00,0.926388889,18,-123.919311,37.029724,5,2023-04-18,12.32,33.0136427972866,24.863,7.788,789.3786611,NaN,1.148,26.02334,NaN,NaN,NaN,NaN,NaN,NaN,NaN
20230417_smode2_B40.16S.exp.,2023,40,0,04/18/2023 22:23:00,0.932638889,18,-123.904281,37.020098,5,2023-04-18,11.749,33.0628737953756,25.011,8.14,699.6413122,NaN,1.979,34.83186,NaN,NaN,NaN,NaN,NaN,NaN,NaN
20230417_smode2_C8N10.16S.exp.,2023,8,10,04/17/2023 12:37:57,0.526354167,17,-123.7913333,37.1175,45,2023-04-17,10.3975,32.9252,25.2644,206.111,0.09751,NaN,0.468018752729783,4.734175,1.075539464,0.686452603,4.134673556,0.64469514,0.7865,10.4155,10.9120725851274
20230417_smode2_C8N12.16S.exp.,2023,8,12,04/17/2023 12:37:57,0.526354167,17,-123.7913333,37.1175,28,2023-04-17,10.764325,32.78235,25.0891,229.8055,0.09751,NaN,2.06610843272978,13.72087,3.341977138,1.72387821,16.87692731,2.74383579,0.4095,4.187,5.04821679029148
20230417_smode2_C8N18.16S.exp.,2023,8,18,04/17/2023 12:37:57,0.526354167,17,-123.7913333,37.1175,10,2023-04-17,11.29435,32.7429,24.9649,248.417,0.09751,NaN,3.40114395272978,19.10161,4.665747303,1.954404573,22.77425869,3.617851766,0.1535,1.3585,0.350566752550572
20230417_smode2_C8N22.16S.exp.,2023,8,22,04/17/2023 12:37:57,0.526354167,17,-123.7913333,37.1175,5,2023-04-17,11.29305,32.74275,24.965,247.872,0.442705,NaN,3.53338419272978,18.894865,3.706808351,1.533991022,22.59567173,3.567745021,0.1445,1.5315,0.297012920205559
20230417_smode2_C8N4.16S.exp.,2023,8,4,04/17/2023 12:37:57,0.526354167,17,-123.7913333,37.1175,100,2023-04-17,9.73625,33.7616,26.0281,108.581,0.09751,NaN,0.0149074527297828,1.32154,0.126913657,0.310731282,NaN,NaN,1.833,26.077,30.3032799060635
20230417_smode2_C8N8.16S.exp.,2023,8,8,04/17/2023 12:37:57,0.526354167,17,-123.7913333,37.1175,60,2023-04-17,11.1898,33.396,25.4913,194.683,0.09751,NaN,0.0944757327297828,1.39672,0.188512735,0.236163665,0.459722371,0.01937274,1.1195,11.415,16.6507553893242
20230419_smode2_B41.16S.exp.,2023,41,0,04/19/2023 21:01:00,0.875694444,19,-123.924421,36.983441,5,2023-04-19,11.807,32.9503407392489,24.913,7.62,2536.603339,4.577,1.546,24.22056,NaN,NaN,NaN,NaN,NaN,NaN,NaN
20230419_smode2_C11N10.16S.exp.,2023,11,10,04/19/2023 11:38:29,0.48505787,19,-123.9226667,36.9795,30,2023-04-19,10.7198,33.1437,25.3796,199.812,0.09751,NaN,0.119691032729783,2.05186,0.571013679,0.58059252,NaN,NaN,0.89,10.8655,12.5278615355519
20230419_smode2_C11N12.16S.exp.,2023,11,12,04/19/2023 11:38:29,0.48505787,19,-123.9226667,36.9795,17,2023-04-19,10.32565,32.954525,25.29895,206.617,0.09751,NaN,0.539793212729783,5.577265,2.191949428,1.471403265,10.04463459,2.706759518,0.667,8.4045,9.16027516695472
20230419_smode2_C11N18.16S.exp.,2023,11,18,04/19/2023 11:38:29,0.48505787,19,-123.9226667,36.9795,10,2023-04-19,10.40165,32.92845,25.2662,207.84,0.09751,NaN,NaN,NaN,3.302915068,2.238823662,19.42284788,2.996918057,0.466,5.2175,6.09043601986047
20230419_smode2_C11N22.16S.exp.,2023,11,22,04/19/2023 11:38:29,0.48505787,19,-123.9226667,36.9795,5,2023-04-19,10.952075,32.854275,25.1121,244.0045,0.450875,NaN,NaN,NaN,NaN,NaN,NaN,NaN,NaN,NaN,NaN
20230419_smode2_C11N4.16S.exp.,2023,11,4,04/19/2023 11:38:29,0.48505787,19,-123.9226667,36.9795,95,2023-04-19,9.72335,33.7311,26.0069,104.519,0.09751,NaN,0.00558543272978276,0.738895,NaN,NaN,NaN,NaN,NaN,NaN,NaN
20230419_smode2_C12N10.16S.exp.,2023,12,10,04/19/2023 13:01:12,0.5425,19,-123.9243333,36.9605,50,2023-04-19,10.01295,33.1333,25.491,187.404,0.09751,NaN,0.148930592729783,1.73503,0.303106576,0.627169903,NaN,NaN,0.964,13.733,14.239
20230419_smode2_C12N12.16S.exp.,2023,12,12,04/19/2023 13:01:12,0.5425,19,-123.9243333,36.9605,26.2,2023-04-19,10.74345,32.97015,25.2386,209.715,0.09751,NaN,0.357071432729783,3.606475,NaN,NaN,NaN,NaN,NaN,NaN,NaN
20230419_smode2_C12N18.16S.exp.,2023,12,18,04/19/2023 13:01:12,0.5425,19,-123.9243333,36.9605,12,2023-04-19,11.1991,32.79245,25.0205,251.208,0.09751,NaN,3.59705919272978,19.60639,3.776000143,3.247117499,4.173298537,0,0.0185,0.7175,0.3545
20230419_smode2_C12N22.16S.exp.,2023,12,22,04/19/2023 13:01:12,0.5425,19,-123.9243333,36.9605,5,2023-04-19,11.23075,32.78935,25.0121,252.478,0.46309,NaN,NaN,NaN,NaN,NaN,NaN,NaN,NaN,NaN,NaN
20230419_smode2_C12N8.16S.exp.,2023,12,8,04/19/2023 13:01:12,0.5425,19,-123.9243333,36.9605,80,2023-04-19,9.99505,33.61425,25.8695,119.272,0.09751,NaN,0.0706358127297828,0.846295,NaN,NaN,NaN,NaN,NaN,NaN,NaN
20230419_smode2_C9N12.16S.exp.,2023,9,12,04/19/2023 08:42:03,0.362534722,19,-123.9241667,37.04066667,23.7,2023-04-19,10.81015,32.832725,25.12115,224.3505,0.09751,NaN,0.968504252729783,9.556435,NaN,NaN,NaN,NaN,NaN,NaN,NaN
20230419_smode2_C9N16.16S.exp.,2023,9,16,04/19/2023 08:42:03,0.362534722,19,-123.9241667,37.04066667,19,2023-04-19,11.36065,32.856825,25.0416,234.9115,0.09751,NaN,2.58238533272978,10.95532,NaN,NaN,NaN,NaN,NaN,NaN,NaN
20230419_smode2_C9N18.16S.exp.,2023,9,18,04/19/2023 08:42:03,0.362534722,19,-123.9241667,37.04066667,10,2023-04-19,11.83455,32.86365,24.9603,245.041,0.09751,NaN,NaN,NaN,NaN,NaN,NaN,NaN,NaN,NaN,NaN
20230419_smode2_C9N22.16S.exp.,2023,9,22,04/19/2023 08:42:03,0.362534722,19,-123.9241667,37.04066667,5,2023-04-19,11.84875,32.8632,24.9571,246.03,0.51102,NaN,NaN,NaN,2.230878245,1.263410614,16.77169643,2.55587108,0.1115,0.655,0.020963597868857
20230419_smode2_C9N8.16S.exp.,2023,9,8,04/19/2023 08:42:03,0.362534722,19,-123.9241667,37.04066667,42,2023-04-19,10.1278,33.04045,25.3998,196.93,0.09751,NaN,0.249588032729783,3.584995,0.686389731,0.774732249,NaN,NaN,0.8605,13.0985,11.472
20230420_smode2_B42.16S.exp.,2023,42,0,04/20/2023 21:34:00,0.898611111,20,-124.022296,36.907343,5,2023-04-20,11.692,32.95636351856,24.939,7.183,2486.464,4.705,1.269,20.93448,NaN,NaN,NaN,NaN,NaN,NaN,NaN
20230420_smode2_B43.16S.exp.,2023,43,0,04/20/2023 21:45:00,0.90625,20,-124.032303,36.924099,5,2023-04-20,11.598,32.996553832902,24.987,7.213,2465.113334,5.562,1.586,24.01518,NaN,NaN,NaN,NaN,NaN,NaN,NaN
20230420_smode2_B44.16S.exp.,2023,44,0,04/20/2023 21:52:00,0.911111111,20,-124.033041,36.935723,5,2023-04-20,11.6,33.048801036453,25.027,7.516,2458.416666,7.048,2.071,30.3135,NaN,NaN,NaN,NaN,NaN,NaN,NaN
20230420_smode2_B45.16S.exp.,2023,45,0,04/20/2023 21:59:00,0.915972222,20,-124.033095,36.947251,5,2023-04-20,11.633,33.011626709361,24.992,7.498,2461.166666,6.016,1.913,28.28252,4.64,2.2,NaN,NaN,NaN,NaN,NaN
20230420_smode2_B46.16S.exp.,2023,46,0,04/20/2023 22:05:00,0.920138889,20,-124.033088,36.957206,5,2023-04-20,11.715,32.9804806764285,24.953,7.294,2461.08,4.557,1.424,22.53188,NaN,NaN,NaN,NaN,NaN,NaN,NaN
20230420_smode2_B47.16S.exp.,2023,47,0,04/20/2023 22:10:00,0.923611111,20,-124.033067,36.965247,5,2023-04-20,11.742,32.9865097455309,24.953,7.124,2459.7,3.897,1.275,19.61092,NaN,NaN,NaN,NaN,NaN,NaN,NaN
20230420_smode2_B48.16S.exp.,2023,48,0,04/20/2023 22:19:00,0.929861111,20,-124.03304,36.980091,5,2023-04-20,11.736,32.9794777863772,24.949,6.881,2456.127334,3.446,1.114,16.9638,NaN,NaN,NaN,NaN,NaN,NaN,NaN
20230420_smode2_B49.16S.exp.,2023,49,0,04/20/2023 22:25:00,0.934027778,20,-124.032975,36.989938,5,2023-04-20,11.658,32.9654122689128,24.952,6.866,2460.527333,3.844,1.216,17.62558,NaN,NaN,NaN,NaN,NaN,NaN,NaN
20230420_smode2_B50.16S.exp.,2023,50,0,04/20/2023 22:38:00,0.943055556,20,-124.032976,37.011278,5,2023-04-20,11.848,33.0769397712027,25.003,6.574,2497.464,1.609,0.553,11.23598,NaN,NaN,NaN,NaN,NaN,NaN,NaN
20230421_smode2_B51.16S.exp.,2023,51,0,04/21/2023 16:27:00,0.685416667,21,-124.00743,36.857999,5,2023-04-21,11.802,33.0025781458297,24.954,6.693,945.3799956,3.303,1.401,11.87494,NaN,NaN,NaN,NaN,NaN,NaN,NaN
20230421_smode2_B52.16S.exp.,2023,52,0,04/21/2023 16:35:00,0.690972222,21,-124.015664,36.869707,5,2023-04-21,11.703,33.0015739507025,24.972,6.651,970.7740031,3.817,1.714,13.67772,NaN,NaN,NaN,NaN,NaN,NaN,NaN
20230421_smode2_B53.16S.exp.,2023,53,0,04/21/2023 16:40:00,0.694444444,21,-124.020794,36.877075,5,2023-04-21,11.649,32.9895174549756,24.973,6.609,1007.807364,3.543,1.658,13.17568,NaN,NaN,NaN,NaN,NaN,NaN,NaN
20230421_smode2_B54.16S.exp.,2023,54,0,04/21/2023 16:47:00,0.699305556,21,-124.02794,36.887073,5,2023-04-21,11.622,32.9875084352089,24.975,6.639,1102.759344,3.362,1.585,13.47234,NaN,NaN,NaN,NaN,NaN,NaN,NaN
20230421_smode2_B55.16S.exp.,2023,55,0,04/21/2023 16:52:00,0.702777778,21,-124.032895,36.894297,5,2023-04-21,11.572,32.9804756163878,24.979,6.794,994.6940002,4.37,1.839,15.1382,NaN,NaN,NaN,NaN,NaN,NaN,NaN
20230421_smode2_B56.16S.exp.,2023,56,0,04/21/2023 17:04:00,0.711111111,21,-124.045207,36.911719,5,2023-04-21,11.51,33.0156421847884,25.018,7.133,1056.200006,6.039,2.574,23.4675,NaN,NaN,NaN,NaN,NaN,NaN,NaN
20230421_smode2_B57.16S.exp.,2023,57,0,04/21/2023 17:12:00,0.716666667,21,-124.053018,36.922723,5,2023-04-21,11.569,32.9945432125115,24.991,6.931,1164.267331,4.719,2.341,20.45526,NaN,NaN,NaN,NaN,NaN,NaN,NaN
20230421_smode2_C13N12.16S.exp.,2023,13,12,04/21/2023 14:23:13,0.599456019,21,-123.9875,36.86733333,33,2023-04-21,11.0682,32.9019,25.12935,211.0335,0.325755,NaN,0.548605832729783,3.91525,1.604900433,0.792031268,5.237911044,1.045388665,0.538,6.7785,7.0965
20230421_smode2_C13N16.16S.exp.,2023,13,16,04/21/2023 14:23:13,0.599456019,21,-123.9875,36.86733333,24,2023-04-21,11.49515,32.8178,24.9867,233.115,1.2465,NaN,2.11470519272978,9.40876,2.076927217,1.290261705,11.39300278,1.851513941,0.093,0.9855,0.8865
20230421_smode2_C13N18.16S.exp.,2023,13,18,04/21/2023 14:23:13,0.599456019,21,-123.9875,36.86733333,10,2023-04-21,11.53815,32.82055,24.981,233.6935,24.175,NaN,2.27475867272978,10.08538,2.413588778,1.568020901,NaN,NaN,0.068,0.5465,0.763
20230421_smode2_C13N22.16S.exp.,2023,13,22,04/21/2023 14:23:13,0.599456019,21,-123.9875,36.86733333,5,2023-04-21,11.5361,32.81995,24.9811,233.428,88.485,NaN,NaN,NaN,2.373921706,1.013053048,NaN,NaN,NaN,NaN,NaN
20230421_smode2_C13N4.16S.exp.,2023,13,4,04/21/2023 14:23:13,0.599456019,21,-123.9875,36.86733333,100,2023-04-21,9.6018,33.774875,26.06055,102.211,0.09751,NaN,0.0023762127297828,0.43549,0.048203723,0.146358934,0,0,1.853,28.8455,27.8275
20230421_smode2_C13N8.16S.exp.,2023,13,8,04/21/2023 14:23:13,0.599456019,21,-123.9875,36.86733333,45,2023-04-21,10.40705,32.9896,25.313,198.943,0.09751,NaN,0.184486712729783,2.446555,0.332700208,1.419032305,2.65263859,0.566986636,0.8335,11.7045,12.086
20230422_smode2_B58.16S.exp.,2023,58,0,04/22/2023 22:45:00,0.947916667,22,-124.167487,36.867193,5,2023-04-22,11.692,33.0116136184025,24.982,6.815,2373.629286,4.538,1.563,21.09422,NaN,NaN,NaN,NaN,NaN,NaN,NaN
20230422_smode2_B59.16S.exp.,2023,59,0,04/22/2023 22:50:00,0.951388889,22,-124.16751,36.858552,5,2023-04-22,11.729,32.99654189163,24.963,6.775,2247.13803,4.285,1.583,20.0445,NaN,NaN,NaN,NaN,NaN,NaN,NaN
20230422_smode2_B60.16S.exp.,2023,60,0,04/22/2023 22:54:00,0.954166667,22,-124.167499,36.851738,5,2023-04-22,11.766,32.9844845199061,24.946,6.709,2481.603332,3.936,1.486,17.94506,NaN,NaN,NaN,NaN,NaN,NaN,NaN
20230422_smode2_B61.16S.exp.,2023,61,0,04/22/2023 23:00:00,0.958333333,22,-124.167535,36.84137,5,2023-04-22,11.836,32.9824742275958,24.932,6.679,2283.529341,3.584,1.353,15.7087,NaN,NaN,NaN,NaN,NaN,NaN,NaN
20230422_smode2_B62.16S.exp.,2023,62,0,04/22/2023 23:05:00,0.961805556,22,-124.167549,36.832689,5,2023-04-22,11.845,32.9794593334364,24.928,6.669,2001.032167,3.501,1.225,14.70462,NaN,NaN,NaN,NaN,NaN,NaN,NaN
20230422_smode2_B63.16S.exp.,2023,63,0,04/22/2023 23:10:00,0.965277778,22,-124.167538,36.824057,5,2023-04-22,11.818,32.9734302361076,24.929,6.678,2118.72463,3.617,1.316,15.29794,NaN,NaN,NaN,NaN,NaN,NaN,NaN
20230422_smode2_B64.16S.exp.,2023,64,0,04/22/2023 23:15:00,0.96875,22,-124.167549,36.815646,5,2023-04-22,11.768,32.9653916831718,24.932,6.647,1937.972596,3.26,1.228,14.7959,NaN,NaN,NaN,NaN,NaN,NaN,NaN
20230422_smode2_B65.16S.exp.,2023,65,0,04/22/2023 23:20:00,0.972222222,22,-124.167522,36.807137,5,2023-04-22,11.747,32.9563483885916,24.929,6.665,1797.08997,3.544,1.29,15.18384,NaN,NaN,NaN,NaN,NaN,NaN,NaN
20230422_smode2_B66.16S.exp.,2023,66,0,04/22/2023 23:27:00,0.977083333,22,-124.167559,36.795009,5,2023-04-22,11.638,32.9342432372495,24.931,6.596,200.74,3.123,1.291,15.18384,NaN,NaN,NaN,NaN,NaN,NaN,NaN
20230422_smode2_B67.16S.exp.,2023,67,0,04/22/2023 23:33:00,0.98125,22,-124.167515,36.784669,5,2023-04-22,11.54,32.9121382318977,24.932,6.508,1814.506028,2.674,1.275,15.16102,NaN,NaN,NaN,NaN,NaN,NaN,NaN
20230422_smode2_C14N10.16S.exp.,2023,14,10,04/22/2023 03:22:55,0.140914352,22,-124.0553333,36.89716667,42,2023-04-22,10.445225,32.947575,25.27375,204.1255,0.09751,NaN,0.530776832729783,4.30189,0.718329994,0.598812392,2.657760535,0.52502465,0.7665,12.03,11.1475
20230422_smode2_C14N14.16S.exp.,2023,14,14,04/22/2023 03:22:55,0.140914352,22,-124.0553333,36.89716667,34,2023-04-22,10.60735,32.944925,25.2429,205.1055,0.09751,NaN,0.447540872729783,4.88185,0.924377281,1.014563286,4.057864073,0.699569465,0.727,10.3155,10.12
20230422_smode2_C14N18.16S.exp.,2023,14,18,04/22/2023 03:22:55,0.140914352,22,-124.0553333,36.89716667,28,2023-04-22,11.39375,32.8598,25.037,244.0625,0.09751,NaN,3.34541559272978,19.39696,2.945534388,1.932572639,20.13494481,2.941754126,0.1825,3.0875,3.329
20230422_smode2_C14N22.16S.exp.,2023,14,22,04/22/2023 03:22:55,0.140914352,22,-124.0553333,36.89716667,5,2023-04-22,11.42915,32.8481,25.0222,243.762,0.52118,NaN,NaN,NaN,3.74294425,2.12085697,36.82140366,3.939629882,NaN,0.572,0.45
20230422_smode2_C14N4.16S.exp.,2023,14,4,04/22/2023 03:22:55,0.140914352,22,-124.0553333,36.89716667,65,2023-04-22,9.98,33.17845,25.5319,180.353,0.09751,NaN,0.106803212729783,1.32154,0.232512077,0.665083686,2.288671154,0.078331155,1.0925,16.5955,17.4165
20230422_smode2_C15N10.16S.exp.,2023,15,10,04/22/2023 14:18:02,0.595856481,22,-124.117,36.89183333,38,2023-04-22,10.22365,33.02095,25.3683,199.0295,0.09751,NaN,0.444127892729783,4.12468,1.14932799,1.560174303,7.145934925,0.971138137,0.8125,10.155,11.103894095045
20230422_smode2_C15N14.16S.exp.,2023,15,14,04/22/2023 14:18:02,0.595856481,22,-124.117,36.89183333,28,2023-04-22,11.3236,32.8714,25.0591,234.286,0.10916,NaN,3.26223057272978,18.481375,2.576914335,2.436695665,25.96892691,3.650160972,0.1905,1.6055,1.6541154650679
20230422_smode2_C15N18.16S.exp.,2023,15,18,04/22/2023 14:18:02,0.595856481,22,-124.117,36.89183333,12,2023-04-22,11.3506,32.86545,25.0498,233.5065,3.32125,NaN,NaN,NaN,2.727874043,2.342695172,31.68115541,4.415139204,0.1285,1.014,0.525266135869212
20230422_smode2_C15N22.16S.exp.,2023,15,22,04/22/2023 14:18:02,0.595856481,22,-124.117,36.89183333,5,2023-04-22,11.3491,32.86565,25.0503,233.544,20.053,NaN,NaN,NaN,2.740079296,2.409633248,16.95925479,2.49030155,0.1145,1.0225,0.177632573217121
20230422_smode2_C15N4.16S.exp.,2023,15,4,04/22/2023 14:18:02,0.595856481,22,-124.117,36.89183333,100,2023-04-22,9.722375,33.747275,26.01895,104.6225,0.09751,NaN,0.0158243727297828,0.701305000000001,NaN,NaN,NaN,NaN,NaN,NaN,NaN
20230423_smode2_C16N12.16S.exp.,2023,16,12,04/23/2023 14:55:40,0.621990741,23,-124.1643333,36.82966667,56,2023-04-23,10.105125,32.94895,25.33025,189.1245,0.09751,NaN,0.172770512729783,2.26129,0.385629786,0.948227604,3.085048305,0.217105993,0.896,13.292,13.1595
20230423_smode2_C16N16.16S.exp.,2023,16,16,04/23/2023 14:55:40,0.621990741,23,-124.1643333,36.82966667,28,2023-04-23,11.57385,32.8402,24.9896,229.6995,1.0412,NaN,2.69679657272978,10.55257,2.728141702,1.937796197,15.70237889,2.392465912,0.1845,0.742,0.417613106582363
20230423_smode2_C16N18.16S.exp.,2023,16,18,04/23/2023 14:55:40,0.621990741,23,-124.1643333,36.82966667,10,2023-04-23,11.5712,32.8398,24.99,229.757,26.863,NaN,NaN,NaN,2.764489802,1.859998829,17.61145679,2.594637649,0.09,0.54,0.663
20230423_smode2_C16N22.16S.exp.,2023,16,22,04/23/2023 14:55:40,0.621990741,23,-124.1643333,36.82966667,5,2023-04-23,11.5688,32.8397,24.9901,229.403,90.243,NaN,NaN,NaN,2.392229586,1.931874136,15.41742522,2.480056051,0.0555,0.586,0.493
20230423_smode2_C16N8.16S.exp.,2023,16,8,04/23/2023 14:55:40,0.621990741,23,-124.1643333,36.82966667,69,2023-04-23,10.67765,33.222275,25.453,188.2965,0.09751,NaN,0.0880063527297828,1.7404,0.347822944,0.4879273,1.490857959,0.117298496,1.101,13.6025,18.0778514453083
20230424_smode2_C17N16.16S.exp.,2023,17,16,04/24/2023 09:50:50,0.410300926,24,-124.2983333,36.91666667,28,2023-04-24,11.7344,32.931975,25.0316,220.89,0.09751,NaN,0.794696972729783,4.77445,1.706978906,0.823672835,NaN,NaN,0.1865,1.6395,2.6005
20230424_smode2_C17N18.16S.exp.,2023,17,18,04/24/2023 09:50:50,0.410300926,24,-124.2983333,36.91666667,10,2023-04-24,11.71,32.92845,25.0328,220.991,0.09751,NaN,NaN,NaN,1.458909146,1.256021825,8.611359002,1.279252918,0.184,2.397,2.6955
20230424_smode2_C17N22.16S.exp.,2023,17,22,04/24/2023 09:50:50,0.410300926,24,-124.2983333,36.91666667,5,2023-04-24,11.71405,32.9289,25.0329,220.949,0.61876,NaN,NaN,NaN,1.573333393,0.952732815,NaN,NaN,0.2155,2.774,2.927
20230424_smode2_C17N4.16S.exp.,2023,17,4,04/24/2023 09:50:50,0.410300926,24,-124.2983333,36.91666667,95,2023-04-24,10.150725,33.534575,25.78125,133.0685,0.09751,NaN,0.0757298127297828,1.651795,NaN,NaN,NaN,NaN,NaN,NaN,NaN
20230424_smode2_C17N8.16S.exp.,2023,17,8,04/24/2023 09:50:50,0.410300926,24,-124.2983333,36.91666667,62,2023-04-24,10.6269,32.95875,25.2528,205.432,0.09751,NaN,0.329411012729783,5.26312,NaN,NaN,NaN,NaN,NaN,NaN,NaN
20230424_smode2_C18N12.16S.exp.,2023,18,12,04/24/2023 11:19:24,0.471805556,24,-124.253,36.86316667,39,2023-04-24,10.5388,33.02165,25.3204,209.875,0.09751,NaN,0.719611412729783,6.00955,0.776930598,0.831052872,NaN,NaN,NaN,NaN,NaN
20230424_smode2_C18N16.16S.exp.,2023,18,16,04/24/2023 11:19:24,0.471805556,24,-124.253,36.86316667,32,2023-04-24,11.40845,32.8202,25.0014,225.168,0.09751,NaN,2.29284237272978,9.137575,2.193805005,1.186637584,4.294297482,0.607080295,NaN,NaN,NaN
20230424_smode2_C18N18.16S.exp.,2023,18,18,04/24/2023 11:19:24,0.471805556,24,-124.253,36.86316667,10,2023-04-24,11.40865,32.81175,24.9978,225.719,0.09751,NaN,NaN,NaN,1.930464181,1.641777912,12.59269367,1.852419738,NaN,NaN,NaN
20230424_smode2_C18N22.16S.exp.,2023,18,22,04/24/2023 11:19:24,0.471805556,24,-124.253,36.86316667,5,2023-04-24,11.4044,32.811,24.9979,225.8725,0.556805,NaN,NaN,NaN,NaN,NaN,NaN,NaN,NaN,NaN,NaN
20230424_smode2_C18N8.16S.exp.,2023,18,8,04/24/2023 11:19:24,0.471805556,24,-124.253,36.86316667,61,2023-04-24,10.30295,33.3138,25.5821,175.699,0.09751,NaN,0.0257067327297828,1.83706,0.143665999,0.648625233,0.612643038,0.159640058,NaN,NaN,NaN
20230424_smode2_C19N10.16S.exp.,2023,19,10,04/24/2023 12:28:59,0.520127315,24,-124.2185,36.832,50,2023-04-24,10.5124,33.13635,25.4092,191.416,0.09751,NaN,0.106854152729783,2.811715,0.368616707,0.774689627,NaN,NaN,0.9585,11.6395,13.9200189021942
20230424_smode2_C19N16.16S.exp.,2023,19,16,04/24/2023 12:28:59,0.520127315,24,-124.2185,36.832,38,2023-04-24,11.223425,32.845075,25.05295,221.2385,0.09751,NaN,1.92021627272978,9.416815,2.514407023,1.03898015,14.77179853,2.137423196,0.3485,2.844,3.4957553439454
20230424_smode2_C19N18.16S.exp.,2023,19,18,04/24/2023 12:28:59,0.520127315,24,-124.2185,36.832,10,2023-04-24,11.3781,32.81305,25.004,221.86,0.09751,NaN,NaN,NaN,0.979197202,0.927984856,4.805111225,0.943754198,0.326,1.857,2.93432320103284
20230424_smode2_C19N22.16S.exp.,2023,19,22,04/24/2023 12:28:59,0.520127315,24,-124.2185,36.832,5,2023-04-24,11.3818,32.8128,25.0032,221.649,0.57511,NaN,NaN,NaN,0.944000036,0.765900588,NaN,NaN,NaN,NaN,NaN
20230424_smode2_C19N4.16S.exp.,2023,19,4,04/24/2023 12:28:59,0.520127315,24,-124.2185,36.832,68,2023-04-24,10.45755,33.328025,25.5678,173.03,0.09751,NaN,0.0488334927297828,1.904185,0.28861473,0.551851534,1.225209649,0.215751619,1.13,14.0295,17.9291744969293
20230424_smode2_C20N16.16S.exp.,2023,20,16,04/24/2023 13:30:58,0.563171296,24,-124.2263333,36.81216667,28,2023-04-24,11.40835,32.85495,25.0309,223.2665,0.09751,NaN,2.56170369272978,10.861345,2.322852358,1.382084193,NaN,NaN,0.221,1.6725,1.4438851790614
20230424_smode2_C20N18.16S.exp.,2023,20,18,04/24/2023 13:30:58,0.563171296,24,-124.2263333,36.81216667,10,2023-04-24,11.4094,32.85285,25.0295,223.322,1.0922,NaN,NaN,NaN,2.466014266,1.361944721,13.08807628,1.98669706,0.2415,1.638,1.80560248731139
20230424_smode2_C20N22.16S.exp.,2023,20,22,04/24/2023 13:30:58,0.563171296,24,-124.2263333,36.81216667,5,2023-04-24,11.40885,32.85295,25.0297,223.592,3.904,NaN,NaN,NaN,1.916224719,1.965395843,NaN,NaN,0.127,1.5825,1.873
20230424_smode2_C20N4.16S.exp.,2023,20,4,04/24/2023 13:30:58,0.563171296,24,-124.2263333,36.81216667,80,2023-04-24,10.5264,33.41415,25.6231,170.63,0.09751,NaN,0.0185751327297828,1.53634,0.209726703,0.43338311,0.478963041,0.084007896,1.2155,14.7185,19.2949849504094
20230424_smode2_C20N8.16S.exp.,2023,20,8,04/24/2023 13:30:58,0.563171296,24,-124.2263333,36.81216667,40,2023-04-24,11.06105,32.9093,25.13545,216.4815,0.09751,NaN,0.941709812729783,11.35807,1.365079033,1.926216863,8.199332329,1.358056622,0.4685,4.6735,5.04071679029148
20230424_smode2_C21N10.16S.exp.,2023,21,10,04/24/2023 14:40:07,0.61119213,24,-124.227,36.79483333,40,2023-04-24,10.37075,32.82845,25.1891,200.658,0.15184,NaN,0.402509912729783,4.105885,0.551143455,0.909185875,NaN,NaN,NaN,NaN,NaN
20230424_smode2_C21N12.16S.exp.,2023,21,12,04/24/2023 14:40:07,0.61119213,24,-124.227,36.79483333,26,2023-04-24,11.3594,32.87385,25.0548,222.769,1.1816,NaN,2.14445415272978,12.896575,1.566715523,1.326986124,11.3054329,1.856665388,NaN,NaN,NaN
20230424_smode2_C21N18.16S.exp.,2023,21,18,04/24/2023 14:40:07,0.61119213,24,-124.227,36.79483333,15,2023-04-24,11.3647,32.87435,25.0543,223.6285,6.8507,NaN,NaN,NaN,2.074839476,1.742421907,26.26219466,4.915255989,NaN,NaN,NaN
20230424_smode2_C21N22.16S.exp.,2023,21,22,04/24/2023 14:40:07,0.61119213,24,-124.227,36.79483333,5,2023-04-24,11.36705,32.8746,25.054,223.7635,95.7355,NaN,NaN,NaN,2.618026766,1.416484319,NaN,NaN,NaN,NaN,NaN
20230424_smode2_C21N8.16S.exp.,2023,21,8,04/24/2023 14:40:07,0.61119213,24,-124.227,36.79483333,60,2023-04-24,10.46275,33.2352,25.4986,183.53,0.09751,NaN,0.0723677727297828,2.360635,0.327096693,0.475939899,0.966103158,0.182356356,NaN,NaN,NaN
20230425_smode2_B68.16S.exp.,2023,68,0,04/25/2023 02:30:00,0.104166667,25,-124.253343,36.809275,5,2023-04-25,11.595,32.9573491263715,24.957,6.253,175.4373326,1.624,0.839,7.12838,NaN,NaN,NaN,NaN,NaN,NaN,NaN
20230425_smode2_B69.16S.exp.,2023,69,0,04/25/2023 02:40:00,0.111111111,25,-124.253357,36.792671,5,2023-04-25,11.732,32.9613667779409,24.935,6.49,119.62,2.997,2.476,11.87494,NaN,NaN,NaN,NaN,NaN,NaN,NaN
20230425_smode2_B70.16S.exp.,2023,70,0,04/25/2023 02:48:00,0.116666667,25,-124.253348,36.779213,5,2023-04-25,11.699,32.985479392939,24.96,6.446,68.01399981,2.578,2.71,13.03876,NaN,NaN,NaN,NaN,NaN,NaN,NaN
20230425_smode2_B71.16S.exp.,2023,71,0,04/25/2023 02:55:00,0.121527778,25,-124.25338,36.76734,5,2023-04-25,11.726,32.9874879388643,24.956,6.359,34.37,1.897,1.955,10.50574,NaN,NaN,NaN,NaN,NaN,NaN,NaN
20230425_smode2_B72.16S.exp.,2023,72,0,04/25/2023 03:01:00,0.125694444,25,-124.253361,36.757053,5,2023-04-25,11.679,32.9844729314034,24.963,6.312,17.87,1.667,1.449,8.58886,NaN,NaN,NaN,NaN,NaN,NaN,NaN
20230425_smode2_B73.16S.exp.,2023,73,0,04/25/2023 03:09:00,0.13125,25,-124.264279,36.757918,5,2023-04-25,11.642,32.9794487960678,24.966,6.369,9.62,1.894,1.685,9.45602,NaN,NaN,NaN,NaN,NaN,NaN,NaN
20230425_smode2_B74.16S.exp.,2023,74,0,04/25/2023 03:12:00,0.133333333,25,-124.269561,36.760029,5,2023-04-25,11.612,32.9683966126318,24.963,6.326,6.87,1.801,1.743,9.63858,NaN,NaN,NaN,NaN,NaN,NaN,NaN
20230425_smode2_B75.16S.exp.,2023,75,0,04/25/2023 03:18:00,0.1375,25,-124.279609,36.763645,5,2023-04-25,11.523,32.9452874871211,24.961,6.346,5.5,NaN,1.542,9.36474,NaN,NaN,NaN,NaN,NaN,NaN,NaN
20230425_smode2_B76.16S.exp.,2023,76,0,04/25/2023 03:23:00,0.140972222,25,-124.28819,36.766929,5,2023-04-25,11.458,32.963372574078,24.987,6.34,4.12,1.875,1.655,10.07216,NaN,NaN,NaN,NaN,NaN,NaN,NaN
20230425_smode2_B77.16S.exp.,2023,77,0,04/25/2023 03:32:00,0.147222222,25,-124.302979,36.772553,5,2023-04-25,11.485,32.9894954286767,25.002,6.31,4.12,1.824,1.617,9.70704,NaN,NaN,NaN,NaN,NaN,NaN,NaN
20230425_smode2_B78.16S.exp.,2023,78,0,04/25/2023 03:40:00,0.152777778,25,-124.317136,36.777715,5,2023-04-25,11.53,32.99552355969,24.998,6.322,4.12,1.967,1.622,9.8896,NaN,NaN,NaN,NaN,NaN,NaN,NaN
20230425_smode2_B79.16S.exp.,2023,79,0,04/25/2023 03:48:00,0.158333333,25,-124.330739,36.782938,5,2023-04-25,11.595,33.0176274928371,25.004,6.431,4.12,2.439,2.09,11.2588,NaN,NaN,NaN,NaN,NaN,NaN,NaN
20230425_smode2_B80.16S.exp.,2023,80,0,04/25/2023 03:53:00,0.161805556,25,-124.339646,36.786115,5,2023-04-25,11.601,33.0196367782114,25.004,6.431,4.12,3.034,2.175,11.55546,NaN,NaN,NaN,NaN,NaN,NaN,NaN
20230425_smode2_B81.16S.exp.,2023,81,0,04/25/2023 04:00:00,0.166666667,25,-124.351388,36.79059,5,2023-04-25,11.587,33.01059393167,25,6.422,4.12,2.396,2.208,12.30852,NaN,NaN,NaN,NaN,NaN,NaN,NaN
20230425_smode2_B82.16S.exp.,2023,82,0,04/25/2023 04:07:00,0.171527778,25,-124.363677,36.795206,5,2023-04-25,11.603,33.0126031616864,24.998,6.43,4.12,2.343,2.093,11.6011,NaN,NaN,NaN,NaN,NaN,NaN,NaN
20230425_smode2_B83.16S.exp.,2023,83,0,04/25/2023 04:18:00,0.179166667,25,-124.385138,36.803158,5,2023-04-25,11.545,33.0236548214611,25.018,6.459,4.12,3.078,2.461,12.90184,NaN,NaN,NaN,NaN,NaN,NaN,NaN
20230425_smode2_B84.16S.exp.,2023,84,0,04/25/2023 04:27:00,0.185416667,25,-124.402352,36.809629,5,2023-04-25,11.621,33.0126023843635,24.995,6.501,4.12,NaN,2.685,13.47234,NaN,NaN,NaN,NaN,NaN,NaN,NaN
20230425_smode2_B85.16S.exp.,2023,85,0,04/25/2023 04:33:00,0.189583333,25,-124.415018,36.814349,5,2023-04-25,11.675,32.9965263546922,24.973,6.52,4.12,2.918,2.742,13.51798,NaN,NaN,NaN,NaN,NaN,NaN,NaN
20230425_smode2_B86.16S.exp.,2023,86,0,04/25/2023 04:38:00,0.193055556,25,-124.425071,36.81812,5,2023-04-25,11.671,32.9804503792281,24.961,6.519,4.12,2.909,2.774,13.63208,NaN,NaN,NaN,NaN,NaN,NaN,NaN
20230425_smode2_B87.16S.exp.,2023,87,0,04/25/2023 04:48:00,0.2,25,-124.444102,36.825279,5,2023-04-25,11.662,32.9653789568184,24.951,6.432,4.12,NaN,2.036,11.76084,NaN,NaN,NaN,NaN,NaN,NaN,NaN
20230425_smode2_C22N12.16S.exp.,2023,22,12,04/25/2023 19:32:12,0.814027778,25,-124.4536667,36.78616667,35,2023-04-25,10.569825,33.052575,25.3348,196.3985,6.122,NaN,0.279082292729783,12.61465,0.676742468,0.540109888,1.97250356,0.329111285,0.778,10.0045,10.385
20230425_smode2_C22N16.16S.exp.,2023,22,16,04/25/2023 19:32:12,0.814027778,25,-124.4536667,36.78616667,28,2023-04-25,11.3915,32.88735,25.0599,220.938,11.987,NaN,1.89495003272978,17.88799,1.860096615,0.887850189,9.763948057,1.487355073,0.2175,1.609,2.843
20230425_smode2_C22N20.16S.exp.,2023,22,20,04/25/2023 19:32:12,0.814027778,25,-124.4536667,36.78616667,15,2023-04-25,11.4086,32.88675,25.0559,221.6775,163.32,NaN,1.69664061272978,19.03717,1.79213798,0.605545157,9.443587586,1.456426773,0.155,1.544,2.406
20230425_smode2_C22N22.16S.exp.,2023,22,22,04/25/2023 19:32:12,0.814027778,25,-124.4536667,36.78616667,7,2023-04-25,11.416325,32.8865,25.0541,222.1115,577.945,NaN,NaN,NaN,1.700598583,0.992073327,9.878331741,1.459596237,0.139,1.2525,2.2045
20230425_smode2_C22N4.16S.exp.,2023,22,4,04/25/2023 19:32:12,0.814027778,25,-124.4536667,36.78616667,80,2023-04-25,9.6615,33.67435,25.9739,119.422,0.16711,NaN,0.0238728927297828,10.79959,0.151426528,0.32035747,1.228527029,0.116227275,1.6315,22.781,23.7955
20230425_smode2_C22N8.16S.exp.,2023,22,8,04/25/2023 19:32:12,0.814027778,25,-124.4536667,36.78616667,55,2023-04-25,10.3628,33.2736,25.5408,179.737,1.3639,NaN,0.0471015327297828,11.634625,0.430997996,0.51339978,0.178645401,0.229005464,0.989,14.0205,15.8215
20230426_smode2_C23N18.16S.exp.,2023,23,18,04/26/2023 05:45:08,0.239675926,26,-124.4885,36.80383333,30,2023-04-26,11.515025,32.884,25.0343,222.991,0.09751,NaN,1.47617229272978,11.4601,1.529470765,0.849887993,8.135488573,1.223462588,NaN,NaN,NaN
20230426_smode2_C23N22.16S.exp.,2023,23,22,04/26/2023 05:45:08,0.239675926,26,-124.4885,36.80383333,5,2023-04-26,11.5182,32.88565,25.035,223.044,0.45791,NaN,NaN,NaN,1.696530165,1.233571733,12.82738741,1.870913322,0.245,1.394,2.64182672160618
20230426_smode2_C23N4.16S.exp.,2023,23,4,04/26/2023 05:45:08,0.239675926,26,-124.4885,36.80383333,80,2023-04-26,9.8415,33.5275,25.82765,141.426,0.09751,NaN,0.0166903527297828,3.92599,0.015623677,0.022962911,0,0,2.965,73.215,41.528
20230426_smode2_C23N8.16S.exp.,2023,23,8,04/26/2023 05:45:08,0.239675926,26,-124.4885,36.80383333,58,2023-04-26,10.769875,33.21945,25.4258,183.717,0.09751,NaN,0.108280472729783,4.648255,0.234402419,0.626420333,2.411488067,0.223632814,0.9465,10.5675,14.3567048130388
20230426_smode2_C24N12.16S.exp.,2023,24,12,04/26/2023 14:12:08,0.591759259,26,-124.5795,36.83183333,66,2023-04-26,10.362475,33.312075,25.57055,165.3545,0.09751,NaN,0.0726224727297828,3.67897,0.265951577,0.315038938,0.927478216,0.075305807,NaN,NaN,NaN
20230426_smode2_C24N16.16S.exp.,2023,24,16,04/26/2023 14:12:08,0.591759259,26,-124.5795,36.83183333,35,2023-04-26,11.61005,32.9898,25.0984,219.488,0.64907,NaN,1.24607631272978,9.49468,1.793304143,0.716945804,10.2754205,1.362525846,NaN,NaN,NaN
20230426_smode2_C24N20.16S.exp.,2023,24,20,04/26/2023 14:12:08,0.591759259,26,-124.5795,36.83183333,20,2023-04-26,11.516625,32.858875,25.01465,216.618,4.15905,NaN,0.726233612729783,7.784335,1.28628636,0.311621181,6.224518235,0.935110205,NaN,NaN,NaN
20230426_smode2_C24N22.16S.exp.,2023,24,22,04/26/2023 14:12:08,0.591759259,26,-124.5795,36.83183333,5,2023-04-26,11.46335,32.81675,24.9915,216.443,33.356,NaN,NaN,NaN,1.017118116,0.313453911,3.402012495,0.681568005,NaN,NaN,NaN
20230426_smode2_C24N8.16S.exp.,2023,24,8,04/26/2023 14:12:08,0.591759259,26,-124.5795,36.83183333,80,2023-04-26,9.815075,33.660325,25.9353,117.377,0.09751,NaN,0,3.617215,0.242485261,0.44225356,0.949702408,0,NaN,NaN,NaN
202304266_smode2_C23N12.16S.exp.,2023,23,12,04/26/2023 05:45:08,0.239675926,26,-124.4885,36.80383333,50,2023-04-26,10.44285,32.992825,25.30875,193.2345,0.09751,NaN,0.316523192729783,5.43496,0.519844074,1.176728922,2.760156294,0.387502228,0.8275,10.586,11.7405395884677
20230427_smode2_B100.16S.exp.,2023,100,0,04/27/2023 16:30:00,0.6875,27,-124.733404,36.788008,5,2023-04-27,11.886,33.0497599303046,24.975,6.206,2040.629991,NaN,0.113,3.8423,NaN,NaN,NaN,NaN,NaN,NaN,NaN
20230427_smode2_B101.16S.exp.,2023,101,0,04/27/2023 16:35:00,0.690972222,27,-124.742894,36.780486,5,2023-04-27,11.858,33.0356926376931,24.97,6.184,2070.785998,NaN,0.089,3.54564,NaN,NaN,NaN,NaN,NaN,NaN,NaN
20230427_smode2_B102.16S.exp.,2023,102,0,04/27/2023 16:40:00,0.694444444,27,-124.753086,36.771918,5,2023-04-27,11.918,33.0296631200618,24.954,6.295,2075.000004,NaN,0.126,4.04768,NaN,NaN,NaN,NaN,NaN,NaN,NaN
20230427_smode2_B103.16S.exp.,2023,103,0,04/27/2023 16:48:00,0.7,27,-124.76712,36.762106,5,2023-04-27,11.802,33.0025338942131,24.954,6.432,2099.110665,1.489,0.394,7.42504,NaN,NaN,NaN,NaN,NaN,NaN,NaN
20230427_smode2_B104.16S.exp.,2023,104,0,04/27/2023 16:54:00,0.704166667,27,-124.769269,36.762393,5,2023-04-27,11.745,33.001529076399,24.964,6.403,2087.196668,1.334,0.354,6.32968,NaN,NaN,NaN,NaN,NaN,NaN,NaN
20230427_smode2_B105.16S.exp.,2023,105,0,04/27/2023 17:00:00,0.708333333,27,-124.769252,36.762444,5,2023-04-27,11.748,33.0015290808586,24.963,6.392,2096.73,1.364,0.639,6.83172,NaN,NaN,NaN,NaN,NaN,NaN,NaN
20230427_smode2_B106.16S.exp.,2023,106,0,04/27/2023 17:05:00,0.711805556,27,-124.76925,36.762459,5,2023-04-27,11.799,33.0015290820262,24.954,6.378,2104.98,1.369,0.491,6.5807,NaN,NaN,NaN,NaN,NaN,NaN,NaN
20230427_smode2_B107.16S.exp.,2023,107,0,04/27/2023 17:10:00,0.715277778,27,-124.769246,36.762451,5,2023-04-27,11.803,33.0015290816469,24.953,6.382,2073.080001,NaN,0.6,6.71762,NaN,NaN,NaN,NaN,NaN,NaN,NaN
20230427_smode2_B88.16S.exp.,2023,88,0,04/27/2023 01:07:00,0.046527778,27,-124.741128,36.826789,5,2023-04-27,11.83,32.911108875425,24.879,6.215,1517.069997,NaN,0.308,6.16994,NaN,NaN,NaN,NaN,NaN,NaN,NaN
20230427_smode2_B89.16S.exp.,2023,89,0,04/27/2023 01:18:00,0.054166667,27,-124.724164,36.81575,5,2023-04-27,11.95,32.9673740848457,24.899,6.374,1457.856005,1.796,0.75,9.34192,NaN,NaN,NaN,NaN,NaN,NaN,NaN
20230427_smode2_B90.16S.exp.,2023,90,0,04/27/2023 01:26:00,0.059722222,27,-124.711864,36.807697,5,2023-04-27,11.954,32.9874688084558,24.915,6.374,1272.334736,1.729,0.674,8.38348,NaN,NaN,NaN,NaN,NaN,NaN,NaN
20230427_smode2_B91.16S.exp.,2023,91,0,04/27/2023 01:36:00,0.066666667,27,-124.696305,36.797575,5,2023-04-27,11.916,32.9764167441911,24.913,6.279,1190.387324,1.062,0.416,6.78608,NaN,NaN,NaN,NaN,NaN,NaN,NaN
20230427_smode2_B92.16S.exp.,2023,92,0,04/27/2023 01:43:00,0.071527778,27,-124.685398,36.790486,5,2023-04-27,11.95,32.9844546413137,24.912,6.225,1085.347331,0.95,0.307,5.57662,NaN,NaN,NaN,NaN,NaN,NaN,NaN
20230427_smode2_B93.16S.exp.,2023,93,0,04/27/2023 01:57:00,0.08125,27,-124.663432,36.776173,5,2023-04-27,11.932,32.994502015577,24.924,6.164,894.2399878,NaN,0.253,5.14304,NaN,NaN,NaN,NaN,NaN,NaN,NaN
20230427_smode2_B94.16S.exp.,2023,94,0,04/27/2023 02:06:00,0.0875,27,-124.649116,36.766827,5,2023-04-27,11.989,33.0145967297153,24.929,6.158,786.2613437,NaN,0.248,5.34842,NaN,NaN,NaN,NaN,NaN,NaN,NaN
20230427_smode2_B95.16S.exp.,2023,95,0,04/27/2023 02:12:00,0.091666667,27,-124.639209,36.760361,5,2023-04-27,12.067,33.0447387922726,24.937,6.194,596.7073223,NaN,0.315,5.46252,NaN,NaN,NaN,NaN,NaN,NaN,NaN
20230427_smode2_B96.16S.exp.,2023,96,0,04/27/2023 02:19:00,0.096527778,27,-124.627464,36.752769,5,2023-04-27,12.051,33.066842976619,24.958,6.396,423.6533176,1.941,1.03,8.45194,NaN,NaN,NaN,NaN,NaN,NaN,NaN
20230427_smode2_B97.16S.exp.,2023,97,0,04/27/2023 02:31:00,0.104861111,27,-124.606738,36.7392,5,2023-04-27,12.034,33.0166062085181,24.922,6.382,185.793336,2.063,0.992,9.41038,NaN,NaN,NaN,NaN,NaN,NaN,NaN
20230427_smode2_B98.16S.exp.,2023,98,0,04/27/2023 16:20:00,0.680555556,27,-124.732784,36.785752,5,2023-04-27,11.827,33.0387077106643,24.977,6.177,1917.165338,NaN,0.112,3.70538,NaN,NaN,NaN,NaN,NaN,NaN,NaN
20230427_smode2_B99.16S.exp.,2023,99,0,04/27/2023 16:25:00,0.684027778,27,-124.729839,36.788877,5,2023-04-27,11.854,33.0437317542378,24.977,6.196,2003.876671,NaN,0.118,3.65974,NaN,NaN,NaN,NaN,NaN,NaN,NaN
20230427_smode2_C26N12.16S.exp.,2023,26,12,04/27/2023 17:05:55,0.71244213,27,-124.7693333,36.7625,55,2023-04-27,10.480075,33.267725,25.5165,174.4535,1.5787,NaN,0.0406321527297828,3.66286,0.293328945,0.491699906,1.248130443,0.075310735,NaN,NaN,NaN
20230427_smode2_C26N16.16S.exp.,2023,26,16,04/27/2023 17:05:55,0.71244213,27,-124.7693333,36.7625,50,2023-04-27,10.39765,33.21575,25.49015,178.2475,2.37675,NaN,0.0907571127297828,3.81859,0.342217102,0.5621223,1.352264565,0.145614843,NaN,NaN,NaN
20230427_smode2_C26N20.16S.exp.,2023,26,20,04/27/2023 17:05:55,0.71244213,27,-124.7693333,36.7625,35,2023-04-27,10.6517,33.02605,25.30045,199.314,10.027,NaN,0.555533672729783,7.080865,1.144242468,1.268318809,5.706039452,1.190404054,NaN,NaN,NaN
20230427_smode2_C26N22.16S.exp.,2023,26,22,04/27/2023 17:05:55,0.71244213,27,-124.7693333,36.7625,5,2023-04-27,11.623175,32.88415,25.01435,225.2125,642.21,NaN,NaN,NaN,1.142269636,0.931870175,8.019026236,0.959609042,NaN,NaN,NaN
20230427_smode2_C26N4.16S.exp.,2023,26,4,04/27/2023 17:05:55,0.71244213,27,-124.7693333,36.7625,80,2023-04-27,10.054275,33.5826,25.8345,125.898,0.23565,NaN,0.0106794327297828,3.28159,0.161226159,0.43717925,0,0,NaN,NaN,NaN
20230427_smode2_C26N8.16S.exp.,2023,26,8,04/27/2023 17:05:55,0.71244213,27,-124.7693333,36.7625,60,2023-04-27,10.335475,33.32625,25.59,172.6375,1.047,NaN,0.0355381527297828,3.74341,0.299195524,0.442604866,1.365504125,0.110215992,NaN,NaN,NaN
20230428_smode2_C27N12.16S.exp.,2023,27,12,04/28/2023 12:28:28,0.519768519,28,-124.905,36.80183333,30,2023-04-28,11.53815,32.88305,25.0298,226.917,0.09751,NaN,0.889190672729783,7.09966,NaN,NaN,NaN,NaN,NaN,NaN,NaN
20230428_smode2_C27N16.16S.exp.,2023,27,16,04/28/2023 12:28:28,0.519768519,28,-124.905,36.80183333,15,2023-04-28,11.7086,32.8848,24.9999,230.764,0.09751,NaN,1.00141149272978,8.28106,NaN,NaN,NaN,NaN,NaN,NaN,NaN
20230428_smode2_C27N22.16S.exp.,2023,27,22,04/28/2023 12:28:28,0.519768519,28,-124.905,36.80183333,5,2023-04-28,12.181575,32.882625,24.90965,230.3315,0.346555,NaN,NaN,NaN,NaN,NaN,NaN,NaN,NaN,NaN,NaN
20230428_smode2_C27N4.16S.exp.,2023,27,4,04/28/2023 12:28:28,0.519768519,28,-124.905,36.80183333,70,2023-04-28,10.3325,33.328,25.5885,166.372,0.09751,NaN,0.0791427927297828,3.79711,NaN,NaN,NaN,NaN,NaN,NaN,NaN
20230428_smode2_C27N8.16S.exp.,2023,27,8,04/28/2023 12:28:28,0.519768519,28,-124.905,36.80183333,45,2023-04-28,11.33585,32.8966,25.0767,219.017,0.09751,NaN,0.704380352729783,8.219305,NaN,NaN,NaN,NaN,NaN,NaN,NaN
20230429_smode2_B108.16S.exp.,2023,108,0,04/29/2023 19:25:00,0.809027778,29,-125.038594,36.856305,5,2023-04-29,12.336,32.5574297064113,24.51,6.645,1605.426669,1.147,0.202,13.44952,NaN,NaN,NaN,NaN,NaN,NaN,NaN
20230429_smode2_B109.16S.exp.,2023,109,0,04/29/2023 19:36:00,0.816666667,29,-125.06292,36.856533,5,2023-04-29,12.269,32.5915895261483,24.55,6.563,1997.187325,1.094,0.199,13.01594,NaN,NaN,NaN,NaN,NaN,NaN,NaN
20230429_smode2_B110.16S.exp.,2023,110,0,04/29/2023 19:50:00,0.826388889,29,-125.093017,36.856482,5,2023-04-29,12.272,32.6197206350319,24.57,6.48,1871.517336,1.322,0.272,13.03876,NaN,NaN,NaN,NaN,NaN,NaN,NaN
20230429_smode2_B111.16S.exp.,2023,111,0,04/29/2023 19:56:00,0.830555556,29,-125.105502,36.856484,5,2023-04-29,12.484,32.8206669879707,24.685,6.327,1695.623994,1.174,0.306,10.5742,NaN,NaN,NaN,NaN,NaN,NaN,NaN
20230429_smode2_B112.16S.exp.,2023,112,0,04/29/2023 20:03:00,0.835416667,29,-125.119675,36.856516,5,2023-04-29,12.562,32.8477941355294,24.692,6.285,1688.474003,1.142,0.265,9.82114,NaN,NaN,NaN,NaN,NaN,NaN,NaN
20230429_smode2_B113.16S.exp.,2023,113,0,04/29/2023 20:13:00,0.842361111,29,-125.140451,36.856501,5,2023-04-29,12.654,32.8839635678548,24.701,6.196,1795.166662,0.903,0.175,8.2922,NaN,NaN,NaN,NaN,NaN,NaN,NaN
20230429_smode2_B114.16S.exp.,2023,114,0,04/29/2023 20:21:00,0.847916667,29,-125.157319,36.8565,5,2023-04-29,13.08,33.0778765421789,24.768,5.941,1753.186003,0.685,NaN,6.42096,NaN,NaN,NaN,NaN,NaN,NaN,NaN
20230429_smode2_B115.16S.exp.,2023,115,0,04/29/2023 20:26:00,0.851388889,29,-125.168044,36.856474,5,2023-04-29,13.135,33.1160559303123,24.786,5.881,1652.173999,0.67,0.084,6.19276,NaN,NaN,NaN,NaN,NaN,NaN,NaN
20230429_smode2_B116.16S.exp.,2023,116,0,04/29/2023 20:32:00,0.855555556,29,-125.180717,36.856493,5,2023-04-29,13.175,33.1170600404792,24.779,5.873,1830.545375,0.622,NaN,6.0102,NaN,NaN,NaN,NaN,NaN,NaN,NaN
20230429_smode2_B117.16S.exp.,2023,117,0,04/29/2023 20:40:00,0.861111111,29,-125.19764,36.856486,5,2023-04-29,13.145,33.1190686736633,24.787,5.884,927.4170528,0.585,0.084,6.21558,NaN,NaN,NaN,NaN,NaN,NaN,NaN
20230430_smode2_B118.16S.exp.,2023,118,0,04/30/2023 06:20:00,0.263888889,30,-125.348113,36.839619,5,2023-04-30,12.245,32.6910432999946,24.631,6.689,28.13933358,1.796,1.521,17.6484,0.97,0.5,NaN,NaN,NaN,NaN,NaN
20230430_smode2_B119.16S.exp.,2023,119,0,04/30/2023 06:25:00,0.267361111,30,-125.338439,36.839413,5,2023-04-30,12.124,32.6920484908338,24.654,6.724,27.5,2.121,1.548,17.7625,NaN,NaN,NaN,NaN,NaN,NaN,NaN
20230430_smode2_B120.16S.exp.,2023,120,0,04/30/2023 06:30:00,0.270833333,30,-125.32885,36.839582,5,2023-04-30,11.988,32.6860205604359,24.675,6.764,27.5,2.413,2.194,19.72502,1.69,0.88,NaN,NaN,NaN,NaN,NaN
20230430_smode2_B121.16S.exp.,2023,121,0,04/30/2023 06:35:00,0.274305556,30,-125.319109,36.839642,5,2023-04-30,12.044,32.7292246182235,24.697,6.635,27.5,1.805,2.323,19.3599,NaN,NaN,NaN,NaN,NaN,NaN,NaN
20230430_smode2_B122.16S.exp.,2023,122,0,04/30/2023 06:38:00,0.276388889,30,-125.313253,36.839703,5,2023-04-30,12.588,32.8769208717423,24.709,6.305,27.5,1.096,1.134,14.15694,NaN,NaN,NaN,NaN,NaN,NaN,NaN
20230430_smode2_B123.16S.exp.,2023,123,0,04/30/2023 06:41:00,0.278472222,30,-125.307395,36.839745,5,2023-04-30,12.898,32.980408810286,24.728,6.1,27.5,0.979,0.495,11.39572,NaN,NaN,NaN,NaN,NaN,NaN,NaN
20230430_smode2_B124.16S.exp.,2023,124,0,04/30/2023 06:45:00,0.28125,30,-125.299563,36.839842,5,2023-04-30,12.651,32.9834234035161,24.779,6.101,27.5,1.01,0.385,10.77958,0.47,0.18,NaN,NaN,NaN,NaN,NaN
20230430_smode2_B125.16S.exp.,2023,125,0,04/30/2023 06:50:00,0.284722222,30,-125.289404,36.839864,5,2023-04-30,12.509,32.954286602201,24.783,6.228,27.5,0.893,0.384,10.98496,NaN,NaN,NaN,NaN,NaN,NaN,NaN
20230430_smode2_B126.16S.exp.,2023,126,0,04/30/2023 06:55:00,0.288194444,30,-125.279457,36.839826,5,2023-04-30,13.095,33.0929404483765,24.777,5.909,27.5,0.803,0.288,10.32318,0.24,0.11,NaN,NaN,NaN,NaN,NaN
20230430_smode2_B127.16S.exp.,2023,127,0,04/30/2023 07:00:00,0.291666667,30,-125.273259,36.841674,5,2023-04-30,12.99,33.0849029974618,24.791,5.945,27.5,0.856,0.263,10.18626,NaN,NaN,NaN,NaN,NaN,NaN,NaN
20230430_smode2_B128.16S.exp.,2023,128,0,04/30/2023 22:45:00,0.947916667,30,-125.484408,36.816701,5,2023-04-30,12.804,32.9381998685768,24.714,6.162,2159.883334,0.749,0.307,9.75268,NaN,NaN,NaN,NaN,NaN,NaN,NaN
20230430_smode2_B129.16S.exp.,2023,129,0,04/30/2023 22:50:00,0.951388889,30,-125.473956,36.816659,5,2023-04-30,12.993,33.0195838420705,24.74,6.008,2166.019997,0.683,0.127,6.64916,NaN,NaN,NaN,NaN,NaN,NaN,NaN
20230430_smode2_B130.16S.exp.,2023,130,0,04/30/2023 22:55:00,0.954861111,30,-125.463339,36.816666,5,2023-04-30,12.692,32.9944660052512,24.779,6.06,2150.989334,0.747,0.211,7.21966,NaN,NaN,NaN,NaN,NaN,NaN,NaN
20230430_smode2_B131.16S.exp.,2023,131,0,04/30/2023 23:01:00,0.959027778,30,-125.450934,36.816667,5,2023-04-30,12.706,32.9874334699972,24.771,6.141,2157.956,0.602,0.133,6.83172,NaN,NaN,NaN,NaN,NaN,NaN,NaN
20230430_smode2_B132.16S.exp.,2023,132,0,04/30/2023 23:05:00,0.961805556,30,-125.442817,36.816681,5,2023-04-30,12.882,32.7442881851876,24.55,6.325,2210.84,1.24,0.279,9.61576,NaN,NaN,NaN,NaN,NaN,NaN,NaN
20230430_smode2_B133.16S.exp.,2023,133,0,04/30/2023 23:10:00,0.965277778,30,-125.432616,36.816645,5,2023-04-30,12.609,32.6046306174777,24.495,6.448,2194.622669,1.398,0.415,13.67772,NaN,NaN,NaN,NaN,NaN,NaN,NaN
20230430_smode2_B134.16S.exp.,2023,134,0,04/30/2023 23:15:00,0.96875,30,-125.422503,36.816673,5,2023-04-30,12.394,32.5433423167405,24.488,6.493,2165.197338,1.286,0.351,13.769,NaN,NaN,NaN,NaN,NaN,NaN,NaN
20230501_smode2_C28N10.16S.exp.,2023,28,10,NaT,NaN,NaN,NaN,NaN,NaN,NaT,NaN,NaN,NaN,NaN,NaN,NaN,NaN,NaN,NaN,NaN,NaN,NaN,NaN,NaN,NaN
20230501_smode2_C28N12.16S.exp.,2023,28,12,NaT,NaN,NaN,NaN,NaN,NaN,NaT,NaN,NaN,NaN,NaN,NaN,NaN,NaN,NaN,NaN,NaN,NaN,NaN,NaN,NaN,NaN
20230501_smode2_C28N2.16S.exp.,2023,28,2,NaT,NaN,NaN,NaN,NaN,NaN,NaT,NaN,NaN,NaN,NaN,NaN,NaN,NaN,NaN,NaN,NaN,NaN,NaN,NaN,NaN,NaN
20230501_smode2_C28N4.16S.exp.,2023,28,4,NaT,NaN,NaN,NaN,NaN,NaN,NaT,NaN,NaN,NaN,NaN,NaN,NaN,NaN,NaN,NaN,NaN,NaN,NaN,NaN,NaN,NaN
20230501_smode2_C28N8.16S.exp.,2023,28,8,NaT,NaN,NaN,NaN,NaN,NaN,NaT,NaN,NaN,NaN,NaN,NaN,NaN,NaN,NaN,NaN,NaN,NaN,NaN,NaN,NaN,NaN
20230501_smode2_C29N10.16S.exp.,2023,29,10,NaT,NaN,NaN,NaN,NaN,NaN,NaT,NaN,NaN,NaN,NaN,NaN,NaN,NaN,NaN,NaN,NaN,NaN,NaN,NaN,NaN,NaN
20230501_smode2_C29N12.16S.exp.,2023,29,12,NaT,NaN,NaN,NaN,NaN,NaN,NaT,NaN,NaN,NaN,NaN,NaN,NaN,NaN,NaN,NaN,NaN,NaN,NaN,NaN,NaN,NaN
20230501_smode2_C29N14.16S.exp.,2023,29,14,NaT,NaN,NaN,NaN,NaN,NaN,NaT,NaN,NaN,NaN,NaN,NaN,NaN,NaN,NaN,NaN,NaN,NaN,NaN,NaN,NaN,NaN
20230501_smode2_C29N2.16S.exp.,2023,29,2,NaT,NaN,NaN,NaN,NaN,NaN,NaT,NaN,NaN,NaN,NaN,NaN,NaN,NaN,NaN,NaN,NaN,NaN,NaN,NaN,NaN,NaN
20230501_smode2_C29N4.16S.exp.,2023,29,4,NaT,NaN,NaN,NaN,NaN,NaN,NaT,NaN,NaN,NaN,NaN,NaN,NaN,NaN,NaN,NaN,NaN,NaN,NaN,NaN,NaN,NaN
20230501_smode2_C29N8.16S.exp.,2023,29,8,NaT,NaN,NaN,NaN,NaN,NaN,NaT,NaN,NaN,NaN,NaN,NaN,NaN,NaN,NaN,NaN,NaN,NaN,NaN,NaN,NaN,NaN
20230501_smode2_C30N10.16S.exp.,2023,30,10,NaT,NaN,NaN,NaN,NaN,NaN,NaT,NaN,NaN,NaN,NaN,NaN,NaN,NaN,NaN,NaN,NaN,NaN,NaN,NaN,NaN,NaN
20230501_smode2_C30N12.16S.exp.,2023,30,12,NaT,NaN,NaN,NaN,NaN,NaN,NaT,NaN,NaN,NaN,NaN,NaN,NaN,NaN,NaN,NaN,NaN,NaN,NaN,NaN,NaN,NaN
20230501_smode2_C30N2.16S.exp.,2023,30,2,NaT,NaN,NaN,NaN,NaN,NaN,NaT,NaN,NaN,NaN,NaN,NaN,NaN,NaN,NaN,NaN,NaN,NaN,NaN,NaN,NaN,NaN
20230501_smode2_C30N4.16S.exp.,2023,30,4,NaT,NaN,NaN,NaN,NaN,NaN,NaT,NaN,NaN,NaN,NaN,NaN,NaN,NaN,NaN,NaN,NaN,NaN,NaN,NaN,NaN,NaN
20230501_smode2_C30N8.16S.exp.,2023,30,8,NaT,NaN,NaN,NaN,NaN,NaN,NaT,NaN,NaN,NaN,NaN,NaN,NaN,NaN,NaN,NaN,NaN,NaN,NaN,NaN,NaN,NaN
20230501_smode2_C31N10.16S.exp.,2023,31,10,NaT,NaN,NaN,NaN,NaN,NaN,NaT,NaN,NaN,NaN,NaN,NaN,NaN,NaN,NaN,NaN,NaN,NaN,NaN,NaN,NaN,NaN
20230501_smode2_C31N12.16S.exp.,2023,31,12,NaT,NaN,NaN,NaN,NaN,NaN,NaT,NaN,NaN,NaN,NaN,NaN,NaN,NaN,NaN,NaN,NaN,NaN,NaN,NaN,NaN,NaN
20230501_smode2_C31N2.16S.exp.,2023,31,2,NaT,NaN,NaN,NaN,NaN,NaN,NaT,NaN,NaN,NaN,NaN,NaN,NaN,NaN,NaN,NaN,NaN,NaN,NaN,NaN,NaN,NaN
20230501_smode2_C31N4.16S.exp.,2023,31,4,NaT,NaN,NaN,NaN,NaN,NaN,NaT,NaN,NaN,NaN,NaN,NaN,NaN,NaN,NaN,NaN,NaN,NaN,NaN,NaN,NaN,NaN
20230501_smode2_C31N8.16S.exp.,2023,31,8,NaT,NaN,NaN,NaN,NaN,NaN,NaT,NaN,NaN,NaN,NaN,NaN,NaN,NaN,NaN,NaN,NaN,NaN,NaN,NaN,NaN,NaN
20230501_smode2_C32N10.16S.exp.,2023,32,10,NaT,NaN,NaN,NaN,NaN,NaN,NaT,NaN,NaN,NaN,NaN,NaN,NaN,NaN,NaN,NaN,NaN,NaN,NaN,NaN,NaN,NaN
20230501_smode2_C32N12.16S.exp.,2023,32,12,NaT,NaN,NaN,NaN,NaN,NaN,NaT,NaN,NaN,NaN,NaN,NaN,NaN,NaN,NaN,NaN,NaN,NaN,NaN,NaN,NaN,NaN
20230501_smode2_C32N2.16S.exp.,2023,32,2,NaT,NaN,NaN,NaN,NaN,NaN,NaT,NaN,NaN,NaN,NaN,NaN,NaN,NaN,NaN,NaN,NaN,NaN,NaN,NaN,NaN,NaN
20230501_smode2_C32N4.16S.exp.,2023,32,4,NaT,NaN,NaN,NaN,NaN,NaN,NaT,NaN,NaN,NaN,NaN,NaN,NaN,NaN,NaN,NaN,NaN,NaN,NaN,NaN,NaN,NaN
20230501_smode2_C32N8.16S.exp.,2023,32,8,NaT,NaN,NaN,NaN,NaN,NaN,NaT,NaN,NaN,NaN,NaN,NaN,NaN,NaN,NaN,NaN,NaN,NaN,NaN,NaN,NaN,NaN
20230501_smode2_C33N10.16S.exp.,2023,33,10,NaT,NaN,NaN,NaN,NaN,NaN,NaT,NaN,NaN,NaN,NaN,NaN,NaN,NaN,NaN,NaN,NaN,NaN,NaN,NaN,NaN,NaN
20230501_smode2_C33N12.16S.exp.,2023,33,12,NaT,NaN,NaN,NaN,NaN,NaN,NaT,NaN,NaN,NaN,NaN,NaN,NaN,NaN,NaN,NaN,NaN,NaN,NaN,NaN,NaN,NaN
20230501_smode2_C33N2.16S.exp.,2023,33,2,NaT,NaN,NaN,NaN,NaN,NaN,NaT,NaN,NaN,NaN,NaN,NaN,NaN,NaN,NaN,NaN,NaN,NaN,NaN,NaN,NaN,NaN
20230501_smode2_C33N4.16S.exp.,2023,33,4,NaT,NaN,NaN,NaN,NaN,NaN,NaT,NaN,NaN,NaN,NaN,NaN,NaN,NaN,NaN,NaN,NaN,NaN,NaN,NaN,NaN,NaN
20230501_smode2_C33N8.16S.exp.,2023,33,8,NaT,NaN,NaN,NaN,NaN,NaN,NaT,NaN,NaN,NaN,NaN,NaN,NaN,NaN,NaN,NaN,NaN,NaN,NaN,NaN,NaN,NaN
20230502_smode2_B135.16S.exp.,2023,135,0,05/02/2023 06:48:00,0.283333333,2,-125.596107,36.661606,5,2023-05-02,12.134,32.5825092498932,24.568,6.303,26.12,1.238,0.816,10.41446,NaN,NaN,NaN,NaN,NaN,NaN,NaN
20230502_smode2_B136.16S.exp.,2023,136,0,05/02/2023 06:53:00,0.286805556,2,-125.60618,36.661616,5,2023-05-02,12.161,32.5875324537847,24.567,6.304,26.12,1.09,0.765,10.52856,NaN,NaN,NaN,NaN,NaN,NaN,NaN
20230502_smode2_B137.16S.exp.,2023,137,0,05/02/2023 06:59:00,0.290972222,2,-125.618655,36.661609,5,2023-05-02,12.205,32.5975792139083,24.566,6.316,26.12,1.132,0.745,10.41446,NaN,NaN,NaN,NaN,NaN,NaN,NaN
20230502_smode2_B138.16S.exp.,2023,138,0,05/02/2023 07:14:00,0.301388889,2,-125.633559,36.66141,5,2023-05-02,12.256,32.6216921210122,24.575,6.268,26.12,1.191,0.835,11.3729,NaN,NaN,NaN,NaN,NaN,NaN,NaN
20230502_smode2_B139.16S.exp.,2023,139,0,05/02/2023 07:39:00,0.31875,2,-125.660415,36.661495,5,2023-05-02,12.322,32.7060885078201,24.628,6.237,26.12,1.218,1.076,10.36882,NaN,NaN,NaN,NaN,NaN,NaN,NaN
221009_smode1_B1_16S.exp.,2022,1,0,10/14/2022 17:52:00,0.744444444,14,-124.5656,37.0259,5,2022-10-14,15.2916183333333,32.6388173245658,NaN,NaN,NaN,0.952073333333333,0.231124,4.58459601,NaN,NaN,NaN,NaN,NaN,NaN,NaN
221009_smode1_B2_16S.exp.,2022,2,0,10/14/2022 20:54:00,0.870833333,14,-124.5534,37.1501,5,2022-10-14,15.4168596666667,32.6017051911253,NaN,NaN,NaN,0.95908,0.461776,NaN,NaN,NaN,NaN,NaN,NaN,NaN,NaN
221009_smode1_B3_16S.exp.,2022,3,0,10/16/2022 03:22:00,0.140277778,16,-124.4296,37.1086,5,2022-10-16,15.6303226666667,32.6184674856463,NaN,NaN,NaN,0.955053333333333,1.188841,6.637379143,NaN,NaN,NaN,NaN,NaN,NaN,NaN
221009_smode1_B4_16S.exp.,2022,4,0,10/19/2022 09:22:00,0.390277778,19,-124.4459,36.9997,5,2022-10-19,15.6104576666667,32.6533865787251,NaN,NaN,NaN,NaN,NaN,4.310090397,NaN,NaN,NaN,NaN,NaN,NaN,NaN
221009_smode1_B5_16S.exp.,2022,5,0,10/19/2022 10:22:00,0.431944444,19,-124.4418,36.9525,5,2022-10-19,15.8020316666667,32.634977464075,NaN,NaN,NaN,NaN,NaN,4.088260418,NaN,NaN,NaN,NaN,NaN,NaN,NaN
221009_smode1_B6_16S.exp.,2022,6,0,10/19/2022 11:48:00,0.491666667,19,-124.4431,36.9286,5,2022-10-19,15.9980746666667,32.6200261638251,NaN,NaN,NaN,NaN,NaN,4.544931151,NaN,NaN,NaN,NaN,NaN,NaN,NaN
221011_smode1_B10_16S.exp.,2022,10,0,10/25/2022 08:34:00,0.356944444,25,-124.0722,36.8648,5,2022-10-25,15.083491,32.6991051559356,NaN,NaN,NaN,0.813566666666667,NaN,4.215098144,NaN,NaN,NaN,NaN,NaN,NaN,NaN
221011_smode1_B11_16S.exp.,2022,11,0,10/25/2022 09:17:00,0.386805556,25,-124.0544,36.8245,5,2022-10-25,15.891663,32.6818829430224,NaN,NaN,NaN,0.818889908256881,NaN,3.97926253,NaN,NaN,NaN,NaN,NaN,NaN,NaN
221011_smode1_B7_16S.exp.,2022,7,0,10/19/2022 12:38:00,0.526388889,19,-124.4414,36.8952,5,2022-10-19,17.2500043333333,32.4556291056937,NaN,NaN,NaN,NaN,NaN,4.834103856,NaN,NaN,NaN,NaN,NaN,NaN,NaN
221011_smode1_B8_16S.exp.,2022,8,0,10/19/2022 13:27:00,0.560416667,19,-124.4438,36.8338,5,2022-10-19,18.5722213333333,32.5164945472044,NaN,NaN,NaN,NaN,NaN,6.078977889,NaN,NaN,NaN,NaN,NaN,NaN,NaN
221011_smode1_B9_16S.exp.,2022,9,0,10/11/2022 18:13:58,0.7597,11,-124.6915377,36.98253195,5,2022-10-11,NaN,NaN,NaN,NaN,NaN,NaN,0.244921,4.41779243,NaN,NaN,NaN,NaN,NaN,NaN,NaN
221012_smode1_B12_16S.exp.,2022,12,0,10/25/2022 10:00:00,0.416666667,25,-124.0414,36.7919,5,2022-10-25,15.9848903333333,32.6744439733618,NaN,NaN,NaN,0.815916666666667,NaN,4.479339993,NaN,NaN,NaN,NaN,NaN,NaN,NaN
221012_smode1_B13_16S.exp.,2022,13,0,10/25/2022 10:43:00,0.446527778,25,-124.0284,36.7556,5,2022-10-25,17.1677026666667,32.648983148449,NaN,NaN,NaN,0.825573333333334,NaN,4.673765619,NaN,NaN,NaN,NaN,NaN,NaN,NaN
221012_smode1_B14_16S.exp.,2022,14,0,10/25/2022 11:26:00,0.476388889,25,-124.0164,36.7195,5,2022-10-25,17.6797603333333,32.6493889626897,NaN,NaN,NaN,0.830733333333334,NaN,5.080618101,NaN,NaN,NaN,NaN,NaN,NaN,NaN
221012_smode1_B15_16S.exp.,2022,15,0,10/27/2022 23:54:00,0.995833333,27,-123.9571,36.6017,5,2022-10-27,NaN,NaN,NaN,NaN,NaN,NaN,0.147424,4.245581812,NaN,NaN,NaN,NaN,NaN,NaN,NaN
221012_smode1_B16_16S.exp.,2022,16,0,10/13/2022 01:32:00,0.0639,13,-123.4458059,37.38672692,5,2022-10-13,16.8677803333333,33.034463529346,NaN,NaN,NaN,0.938286666666667,NaN,NaN,NaN,NaN,NaN,NaN,NaN,NaN,NaN
221012_smode1_B17_16S.exp.,2022,17,0,10/13/2022 03:46:56,0.1576,13,-123.8496426,37.20413061,5,2022-10-13,15.357611,32.5812060054499,NaN,NaN,NaN,0.967496666666667,NaN,NaN,NaN,NaN,NaN,NaN,NaN,NaN,NaN
221012_smode1_B18_16S.exp.,2022,18,0,10/13/2022 04:44:58,0.1979,13,-124.0211348,37.12265389,5,2022-10-13,15.141344,32.546684914821,NaN,NaN,NaN,0.951413333333334,NaN,NaN,NaN,NaN,NaN,NaN,NaN,NaN,NaN
221012_smode1_B19_16S.exp.,2022,19,0,10/13/2022 05:57:59,0.2486,13,-124.2194124,37.00574554,5,2022-10-13,15.6112563333333,32.4738248635526,NaN,NaN,NaN,0.96129,NaN,NaN,NaN,NaN,NaN,NaN,NaN,NaN,NaN
221012_smode1_B20_16S.exp.,2022,20,0,10/13/2022 06:27:04,0.2688,13,-124.3035935,36.96816803,5,2022-10-13,15.708829,32.511030368022,NaN,NaN,NaN,0.967133333333333,NaN,NaN,NaN,NaN,NaN,NaN,NaN,NaN,NaN
221012_smode1_B21_16S.exp.,2022,21,0,10/13/2022 06:38:00,0.2764,13,-124.3356496,36.95380037,5,2022-10-13,15.6159166666667,32.5259488099418,NaN,NaN,NaN,0.96181,NaN,NaN,NaN,NaN,NaN,NaN,NaN,NaN,NaN
221013_smode1_B22_16S.exp.,2022,22,0,10/13/2022 07:12:00,0.3,13,-124.4349137,36.90787498,5,2022-10-13,17.2901946666667,32.516278841193,NaN,NaN,NaN,NaN,NaN,NaN,NaN,NaN,NaN,NaN,NaN,NaN,NaN
221013_smode1_B23_16S.exp.,2022,23,0,10/13/2022 07:20:03,0.3056,13,-124.4577126,36.89728524,5,2022-10-13,18.3673566666667,32.6259405811835,NaN,NaN,NaN,0.974683333333333,NaN,NaN,NaN,NaN,NaN,NaN,NaN,NaN,NaN
221013_smode1_B24_16S.exp.,2022,24,0,10/13/2022 07:32:00,0.3139,13,-124.4917854,36.88194938,5,2022-10-13,18.495747,32.5623105830529,NaN,NaN,NaN,0.977106666666666,NaN,NaN,NaN,NaN,NaN,NaN,NaN,NaN,NaN
221013_smode1_B25_16S.exp.,2022,25,0,10/14/2022 00:14:58,0.0104,14,-124.6961633,37.13520573,5,2022-10-14,14.9509213333333,32.6093174487781,NaN,NaN,NaN,NaN,0.934609,8.087044531,NaN,NaN,NaN,NaN,NaN,NaN,NaN
221013_smode1_B26_16S.exp.,2022,26,0,10/14/2022 06:15:59,0.2611,14,-124.6387696,37.07138368,5,2022-10-14,15.1718416666667,32.6355050484929,NaN,NaN,NaN,NaN,0.233041,5.447777733,NaN,NaN,NaN,NaN,NaN,NaN,NaN
221013_smode1_B27_16S.exp.,2022,27,0,10/14/2022 06:27:56,0.2694,14,-124.6398839,37.09137578,5,2022-10-14,14.78312,32.6605713481472,NaN,NaN,NaN,NaN,0.308929,4.612469307,NaN,NaN,NaN,NaN,NaN,NaN,NaN
221013_smode1_B28_16S.exp.,2022,28,0,10/14/2022 06:40:01,0.2778,14,-124.6415174,37.11077818,5,2022-10-14,14.6858626666667,32.6335836185772,NaN,NaN,NaN,NaN,0.825556,6.520681394,NaN,NaN,NaN,NaN,NaN,NaN,NaN
221015_smode1_B29_16S.exp.,2022,29,0,10/15/2022 19:28:59,0.8118,15,-124.1783993,37.15990566,5,2022-10-15,16.030866,32.5506401529271,NaN,NaN,NaN,0.944326666666667,0.337936,4.375732424,NaN,NaN,NaN,NaN,NaN,NaN,NaN
221015_smode1_B30_16S.exp.,2022,30,0,10/15/2022 19:34:01,0.8153,15,-124.1761697,37.15188801,5,2022-10-15,16.172346,32.5461254180087,NaN,NaN,NaN,0.9435,0.372064,4.533315229,NaN,NaN,NaN,NaN,NaN,NaN,NaN
221015_smode1_B31_16S.exp.,2022,31,0,10/15/2022 19:36:02,0.8167,15,-124.1753202,37.14860881,5,2022-10-15,16.172346,32.5461254180087,NaN,NaN,NaN,0.9435,0.3901,4.320183734,NaN,NaN,NaN,NaN,NaN,NaN,NaN
221015_smode1_B32_16S.exp.,2022,32,0,10/15/2022 19:39:56,0.8194,15,-124.1737131,37.14192959,5,2022-10-15,16.3441893333333,32.5430508495403,NaN,NaN,NaN,0.944123333333333,0.329809,4.021745204,NaN,NaN,NaN,NaN,NaN,NaN,NaN
221015_smode1_B33_16S.exp.,2022,33,0,10/15/2022 19:48:00,0.825,15,-124.1706288,37.12853411,5,2022-10-15,16.9883273333333,32.5155592792868,NaN,NaN,NaN,0.950073333333333,0.32580625,4.089773757,NaN,NaN,NaN,NaN,NaN,NaN,NaN
221015_smode1_B34_16S.exp.,2022,34,0,10/15/2022 19:49:00,0.8257,15,-124.1702379,37.12691745,5,2022-10-15,16.9883273333333,32.5155592792868,NaN,NaN,NaN,0.950073333333333,0.351841,4.177979595,NaN,NaN,NaN,NaN,NaN,NaN,NaN
221015_smode1_B35_16S.exp.,2022,35,0,10/15/2022 19:54:02,0.8292,15,-124.1682891,37.11871532,5,2022-10-15,17.1047333333333,32.5256855336701,NaN,NaN,NaN,0.95501,0.3901,4.46060804,NaN,NaN,NaN,NaN,NaN,NaN,NaN
221015_smode1_B36_16S.exp.,2022,36,0,10/15/2022 20:01:58,0.8347,15,-124.1652354,37.1054018,5,2022-10-15,17.1016796666667,32.5154573150344,NaN,NaN,NaN,0.955946666666667,0.335209,4.358739805,NaN,NaN,NaN,NaN,NaN,NaN,NaN
221016_smode1_B37_16S.exp.,2022,37,0,10/16/2022 20:33:04,0.8563,16,-124.8668063,37.19237114,5,2022-10-16,15.346661,32.6609070048319,NaN,NaN,NaN,0.940903333333333,0.244921,4.958398799,NaN,NaN,NaN,NaN,NaN,NaN,NaN
221016_smode1_B38_16S.exp.,2022,38,0,10/16/2022 21:03:01,0.8771,16,-124.9260833,37.25937046,5,2022-10-16,16.2836746666667,32.5836872765604,NaN,NaN,NaN,0.935362573099415,NaN,NaN,NaN,NaN,NaN,NaN,NaN,NaN,NaN
221016_smode1_B39_16S.exp.,2022,39,0,10/16/2022 23:04:59,0.9618,16,-125.0240219,37.24699161,5,2022-10-16,16.3759903333333,32.5663594273455,NaN,NaN,NaN,0.940223529411765,NaN,NaN,NaN,NaN,NaN,NaN,NaN,NaN,NaN
221016_smode1_B40_16S.exp.,2022,40,0,10/16/2022 23:32:03,0.9806,16,-124.9881216,37.21704707,5,2022-10-16,16.504476,32.5493726844444,NaN,NaN,NaN,0.946243333333333,0.610249,7.460745119,NaN,NaN,NaN,NaN,NaN,NaN,NaN
221016_smode1_B41_16S.exp.,2022,41,0,10/16/2022 23:38:58,0.9854,16,-124.9782119,37.20937666,5,2022-10-16,16.638846,32.5580501416933,NaN,NaN,NaN,0.94312,0.216436,5.383411575,NaN,NaN,NaN,NaN,NaN,NaN,NaN
221016_smode1_B42_16S.exp.,2022,42,0,10/16/2022 23:51:56,0.9944,16,-124.9603751,37.19470699,5,2022-10-16,15.998499,32.5899697970966,NaN,NaN,NaN,0.938186666666667,0.211225,5.155563521,NaN,NaN,NaN,NaN,NaN,NaN,NaN
221016_smode1_B43_16S.exp.,2022,43,0,10/16/2022 23:57:59,0.9986,16,-124.9520623,37.18799083,5,2022-10-16,15.797766,32.602443621843,NaN,NaN,NaN,0.932766937337608,0.553801,6.320554511,NaN,NaN,NaN,NaN,NaN,NaN,NaN
221016_smode1_B44_16S.exp.,2022,44,0,10/17/2022 00:05:02,0.0035,17,-124.9421959,37.1802542,5,2022-10-17,15.739807,32.6072512056086,NaN,NaN,NaN,0.9358,NaN,NaN,NaN,NaN,NaN,NaN,NaN,NaN,NaN
221016_smode1_B45_16S.exp.,2022,45,0,10/17/2022 00:13:58,0.0097,17,-124.9294134,37.17062275,5,2022-10-17,15.7448136666667,32.6652077860464,NaN,NaN,NaN,0.937381818181818,0.593761,7.17104969,NaN,NaN,NaN,NaN,NaN,NaN,NaN
221016_smode1_B46_16S.exp.,2022,46,0,10/17/2022 00:37:00,0.0257,17,-124.9042296,37.14432412,5,2022-10-17,15.7470913333333,32.658172940873,NaN,NaN,NaN,0.929616666666667,0.255316,5.287080671,NaN,NaN,NaN,NaN,NaN,NaN,NaN
221016_smode1_B47_16S.exp.,2022,47,0,10/17/2022 04:05:57,0.1708,17,-124.911659,37.14140089,5,2022-10-17,15.5705323333333,32.654755753506,NaN,NaN,NaN,0.935905882352941,NaN,NaN,NaN,NaN,NaN,NaN,NaN,NaN,NaN
221017_smode1_B48_16S.exp.,2022,48,0,10/17/2022 21:28:56,0.8951,17,-124.9456063,37.07012604,5,2022-10-17,16.844684,32.5092148608723,NaN,NaN,NaN,0.944846666666667,0.441364,6.13905074,NaN,NaN,NaN,NaN,NaN,NaN,NaN
221017_smode1_B49_16S.exp.,2022,49,0,10/17/2022 21:31:58,0.8972,17,-124.9413877,37.07310302,5,2022-10-17,16.844684,32.5092148608723,NaN,NaN,NaN,0.944846666666667,0.448096,6.209798204,NaN,NaN,NaN,NaN,NaN,NaN,NaN
221017_smode1_B50_16S.exp.,2022,50,0,10/17/2022 21:37:00,0.9007,17,-124.9343413,37.07800229,5,2022-10-17,16.815639,32.5121676596651,NaN,NaN,NaN,0.942046666666667,0.298921,6.155455051,NaN,NaN,NaN,NaN,NaN,NaN,NaN
221017_smode1_B51_16S.exp.,2022,51,0,10/17/2022 21:45:56,0.9069,17,-124.921852,37.08680029,5,2022-10-17,16.0769046666667,32.6228881310979,NaN,NaN,NaN,0.93886,0.35043025,6.159397427,NaN,NaN,NaN,NaN,NaN,NaN,NaN
221017_smode1_B52_16S.exp.,2022,52,0,10/17/2022 21:48:57,0.909,17,-124.9178915,37.08972778,5,2022-10-17,15.8076156666667,32.6473505667679,NaN,NaN,NaN,0.933543333333334,0.369121,6.173822503,NaN,NaN,NaN,NaN,NaN,NaN,NaN
221017_smode1_B53_16S.exp.,2022,53,0,10/17/2022 22:03:04,0.9188,17,-124.8968618,37.1046198,5,2022-10-17,16.3424596666667,32.5798509288703,NaN,NaN,NaN,0.925877192982456,NaN,NaN,NaN,NaN,NaN,NaN,NaN,NaN,NaN
221017_smode1_B54_16S.exp.,2022,54,0,10/17/2022 22:08:58,0.9229,17,-124.887833,37.1106955,5,2022-10-17,16.690295,32.5722262906611,NaN,NaN,NaN,NaN,NaN,NaN,NaN,NaN,NaN,NaN,NaN,NaN,NaN
221017_smode1_B55_16S.exp.,2022,55,0,10/18/2022 06:06:02,0.2542,18,-124.8277657,37.02552939,5,2022-10-18,NaN,NaN,NaN,NaN,NaN,NaN,NaN,NaN,NaN,NaN,NaN,NaN,NaN,NaN,NaN
221017_smode1_B56_16S.exp.,2022,56,0,10/18/2022 06:18:00,0.2625,18,-124.8281338,37.00594402,5,2022-10-18,NaN,NaN,NaN,NaN,NaN,NaN,0.697009,6.032645845,NaN,NaN,NaN,NaN,NaN,NaN,NaN
221017_smode1_B57_16S.exp.,2022,57,0,10/18/2022 06:21:01,0.2646,18,-124.8280445,37.00103059,5,2022-10-18,NaN,NaN,NaN,NaN,NaN,NaN,0.657076,5.919527197,NaN,NaN,NaN,NaN,NaN,NaN,NaN
221017_smode1_B58_16S.exp.,2022,58,0,10/18/2022 06:23:02,0.266,18,-124.8279442,36.99767623,5,2022-10-18,NaN,NaN,NaN,NaN,NaN,NaN,0.670225,5.934727607,NaN,NaN,NaN,NaN,NaN,NaN,NaN
221017_smode1_B59_16S.exp.,2022,59,0,10/18/2022 06:27:04,0.2688,18,-124.8277019,36.9909437,5,2022-10-18,NaN,NaN,NaN,NaN,NaN,NaN,0.6925,5.944406064,NaN,NaN,NaN,NaN,NaN,NaN,NaN
221017_smode1_B60_16S.exp.,2022,60,0,10/18/2022 06:33:59,0.2736,18,-124.8267262,36.97950763,5,2022-10-18,NaN,NaN,NaN,NaN,NaN,NaN,0.357529,4.887795179,NaN,NaN,NaN,NaN,NaN,NaN,NaN
221018_smode1_B61_16S.exp.,2022,61,0,10/19/2022 03:34:59,0.1493,19,-124.5138072,36.93734241,5,2022-10-19,17.2192253333333,32.4676777992605,NaN,NaN,NaN,NaN,NaN,5.858644518,NaN,NaN,NaN,NaN,NaN,NaN,NaN
221018_smode1_B62_16S.exp.,2022,62,0,10/19/2022 04:00:02,0.1667,19,-124.5140087,36.97817865,5,2022-10-19,16.0124646666667,32.6721543138694,NaN,NaN,NaN,NaN,NaN,6.890398221,NaN,NaN,NaN,NaN,NaN,NaN,NaN
221019_smode1_B63_16S.exp.,2022,63,0,10/20/2022 02:30:02,0.1042,20,-124.9076161,37.01215751,5,2022-10-20,15.8164646666667,32.6179158139,NaN,NaN,NaN,NaN,NaN,4.581005683,NaN,NaN,NaN,NaN,NaN,NaN,NaN
221019_smode1_B64_16S.exp.,2022,64,0,10/20/2022 03:20:00,0.1389,20,-124.8273618,37.05126868,5,2022-10-20,15.7473383333333,32.6874534775967,NaN,NaN,NaN,NaN,NaN,4.978053313,NaN,NaN,NaN,NaN,NaN,NaN,NaN
221019_smode1_B65_16S.exp.,2022,65,0,10/20/2022 03:29:57,0.1458,20,-124.817852,37.05856327,5,2022-10-20,15.7353886666667,32.696537538611,NaN,NaN,NaN,NaN,NaN,5.326253982,NaN,NaN,NaN,NaN,NaN,NaN,NaN
221019_smode1_B66_16S.exp.,2022,66,0,10/20/2022 04:30:00,0.1875,20,-124.8988729,37.01569443,5,2022-10-20,15.3144493333333,32.5704641347376,NaN,NaN,NaN,NaN,NaN,5.79019469,NaN,NaN,NaN,NaN,NaN,NaN,NaN
221019_smode1_B67_16S.exp.,2022,67,0,10/20/2022 04:59:57,0.2083,20,-124.949828,36.99039395,5,2022-10-20,15.89464,32.5325452011474,NaN,NaN,NaN,NaN,NaN,6.370726268,NaN,NaN,NaN,NaN,NaN,NaN,NaN
221019_smode1_B68_16S.exp.,2022,68,0,10/20/2022 05:30:02,0.2292,20,-124.9997506,36.9654455,5,2022-10-20,17.0324716666667,32.5250008702335,NaN,NaN,NaN,NaN,NaN,6.17996573,NaN,NaN,NaN,NaN,NaN,NaN,NaN
221020_smode1_B69_16S.exp.,2022,69,0,10/21/2022 05:07:00,0.2132,21,-124.6042017,36.94778858,5,2022-10-21,15.5270116666667,32.6968655746092,NaN,NaN,NaN,NaN,NaN,NaN,NaN,NaN,NaN,NaN,NaN,NaN,NaN
221021_smode1_B70_16S.exp.,2022,70,0,10/21/2022 21:33:59,0.8986,21,-124.6414171,36.79453123,5,2022-10-21,18.538762,32.546696433927,NaN,NaN,NaN,NaN,NaN,4.133006315,NaN,NaN,NaN,NaN,NaN,NaN,NaN
221021_smode1_B71_16S.exp.,2022,71,0,10/21/2022 22:00:02,0.9167,21,-124.646849,36.83607012,5,2022-10-21,18.4839793333333,32.6464191026792,NaN,NaN,NaN,NaN,NaN,5.15966232,NaN,NaN,NaN,NaN,NaN,NaN,NaN
221021_smode1_B72_16S.exp.,2022,72,0,10/21/2022 22:30:00,0.9375,21,-124.6568908,36.88261626,5,2022-10-21,15.2610503333333,32.593445076399,NaN,NaN,NaN,NaN,NaN,9.204116172,NaN,NaN,NaN,NaN,NaN,NaN,NaN
221021_smode1_B73_16S.exp.,2022,73,0,10/21/2022 22:59:57,0.9583,21,-124.6685983,36.93009053,5,2022-10-21,15.0891213333333,32.7008692868422,NaN,NaN,NaN,NaN,NaN,6.863572518,NaN,NaN,NaN,NaN,NaN,NaN,NaN
221021_smode1_C9N10_16S.exp.,2022,9,10,NaT,NaN,NaN,NaN,NaN,NaN,NaT,NaN,NaN,NaN,NaN,NaN,NaN,NaN,NaN,NaN,NaN,NaN,NaN,NaN,NaN,NaN
221021_smode1_C9N2_16S.exp.,2022,9,2,NaT,NaN,NaN,NaN,NaN,NaN,NaT,NaN,NaN,NaN,NaN,NaN,NaN,NaN,NaN,NaN,NaN,NaN,NaN,NaN,NaN,NaN
221021_smode1_C9N3_16S.exp.,2022,9,3,NaT,NaN,NaN,NaN,NaN,NaN,NaT,NaN,NaN,NaN,NaN,NaN,NaN,NaN,NaN,NaN,NaN,NaN,NaN,NaN,NaN,NaN
221021_smode1_C9N5_16S.exp.,2022,9,5,NaT,NaN,NaN,NaN,NaN,NaN,NaT,NaN,NaN,NaN,NaN,NaN,NaN,NaN,NaN,NaN,NaN,NaN,NaN,NaN,NaN,NaN
221021_smode1_C9N7_16S.exp.,2022,9,7,NaT,NaN,NaN,NaN,NaN,NaN,NaT,NaN,NaN,NaN,NaN,NaN,NaN,NaN,NaN,NaN,NaN,NaN,NaN,NaN,NaN,NaN
221021_smode1_C9N8_16S.exp.,2022,9,8,NaT,NaN,NaN,NaN,NaN,NaN,NaT,NaN,NaN,NaN,NaN,NaN,NaN,NaN,NaN,NaN,NaN,NaN,NaN,NaN,NaN,NaN
221023_smode1_B74_16S.exp.,2022,74,0,10/23/2022 18:00:00,0.75,23,-124.4911866,36.8387627,5,2022-10-23,14.748009,32.788199425716,NaN,NaN,NaN,NaN,NaN,5.35094978,NaN,NaN,NaN,NaN,NaN,NaN,NaN
221023_smode1_B75_16S.exp.,2022,75,0,10/23/2022 18:29:57,0.7708,23,-124.5000618,36.86092627,5,2022-10-23,14.7928753333333,32.7616279458556,NaN,NaN,NaN,NaN,NaN,3.447078168,NaN,NaN,NaN,NaN,NaN,NaN,NaN
221023_smode1_B76_16S.exp.,2022,76,0,10/23/2022 19:00:02,0.7917,23,-124.4888396,36.84662858,5,2022-10-23,NaN,NaN,NaN,NaN,NaN,NaN,NaN,5.269425516,NaN,NaN,NaN,NaN,NaN,NaN,NaN
221023_smode1_B77_16S.exp.,2022,77,0,10/23/2022 22:30:00,0.9375,23,-124.3929491,36.71759795,5,2022-10-23,15.956846,32.6811807806603,NaN,NaN,NaN,NaN,NaN,8.46612854,NaN,NaN,NaN,NaN,NaN,NaN,NaN
221023_smode1_B78_16S.exp.,2022,78,0,10/23/2022 22:39:04,0.9438,23,-124.3871975,36.70945569,5,2022-10-23,17.4705943333333,32.6600320951547,NaN,NaN,NaN,NaN,NaN,6.621083202,NaN,NaN,NaN,NaN,NaN,NaN,NaN
221023_smode1_B79_16S.exp.,2022,79,0,10/23/2022 22:53:02,0.9535,23,-124.3776397,36.69704546,5,2022-10-23,18.169145,32.6388259145526,NaN,NaN,NaN,NaN,NaN,7.364753817,NaN,NaN,NaN,NaN,NaN,NaN,NaN
221023_smode1_B80_16S.exp.,2022,80,0,10/23/2022 23:04:59,0.9618,23,-124.3699023,36.68308521,5,2022-10-23,18.3243473333333,32.6350447932409,NaN,NaN,NaN,NaN,NaN,NaN,NaN,NaN,NaN,NaN,NaN,NaN,NaN
221024_smode1_B81_16S.exp.,2022,81,0,10/24/2022 19:21:56,0.8069,24,-124.3287673,36.74716766,5,2022-10-24,15.724847,32.6540017875268,NaN,NaN,NaN,NaN,NaN,6.192835363,NaN,NaN,NaN,NaN,NaN,NaN,NaN
221024_smode1_B82_16S.exp.,2022,82,0,10/24/2022 19:34:01,0.8153,24,-124.3160445,36.72853343,5,2022-10-24,16.7913806666667,32.6328653148449,NaN,NaN,NaN,NaN,NaN,6.331638909,NaN,NaN,NaN,NaN,NaN,NaN,NaN
221024_smode1_B83_16S.exp.,2022,83,0,10/24/2022 19:45:59,0.8236,24,-124.3050717,36.71474339,5,2022-10-24,17.0915773333333,32.6346929872152,NaN,NaN,NaN,NaN,NaN,5.193248101,NaN,NaN,NaN,NaN,NaN,NaN,NaN
221024_smode1_B84_16S.exp.,2022,84,0,10/24/2022 19:57:04,0.8313,24,-124.2936889,36.69956625,5,2022-10-24,17.6162193333333,32.651284288715,NaN,NaN,NaN,0.863073333333333,NaN,5.505026699,NaN,NaN,NaN,NaN,NaN,NaN,NaN
221024_smode1_B85_16S.exp.,2022,85,0,10/24/2022 20:15:04,0.8438,24,-124.2762547,36.67468185,5,2022-10-24,17.949023,32.6635933839249,NaN,NaN,NaN,0.868623853211009,NaN,6.11137585,NaN,NaN,NaN,NaN,NaN,NaN,NaN
221024_smode1_B86_16S.exp.,2022,86,0,10/24/2022 20:26:00,0.8514,24,-124.2662363,36.65895505,5,2022-10-24,18.2277626666667,32.6310271413306,NaN,NaN,NaN,0.873340000000001,NaN,7.097263257,NaN,NaN,NaN,NaN,NaN,NaN,NaN
221025_smode1_B87_16S.exp.,2022,87,0,10/25/2022 14:53:57,0.6208,25,-124.0070966,36.9494938,5,2022-10-25,15.1035853333333,32.6808440281986,NaN,NaN,NaN,0.803373333333333,NaN,1.822257145,NaN,NaN,NaN,NaN,NaN,NaN,NaN
221027_smode1_B88_16S.exp.,2022,88,0,10/27/2022 20:48:02,0.8667,27,-123.9614132,36.62257035,5,2022-10-27,17.581494,32.6271584295743,NaN,NaN,NaN,0.980606666666667,0.132601,2.923887637,NaN,NaN,NaN,NaN,NaN,NaN,NaN
221027_smode1_B89_16S.exp.,2022,89,0,10/27/2022 20:52:56,0.8701,27,-123.958891,36.61459688,5,2022-10-27,17.5900406666667,32.6180853717465,NaN,NaN,NaN,0.98073,0.132601,2.904648967,NaN,NaN,NaN,NaN,NaN,NaN,NaN
221027_smode1_B90_16S.exp.,2022,90,0,10/27/2022 21:15:59,0.8861,27,-123.9466676,36.5772882,5,2022-10-27,18.0042666666667,32.5808701645419,NaN,NaN,NaN,0.98451376146789,0.133969,3.127554889,NaN,NaN,NaN,NaN,NaN,NaN,NaN
blank.16S.exp.,2023,0,0,NaT,NaN,NaN,NaN,NaN,NaN,NaT,NaN,NaN,NaN,NaN,NaN,NaN,NaN,NaN,NaN,NaN,NaN,NaN,NaN,NaN,NaN
ZMC_16S.exp.,2022,0,0,NaT,NaN,NaN,NaN,NaN,NaN,NaT,NaN,NaN,NaN,NaN,NaN,NaN,NaN,NaN,NaN,NaN,NaN,NaN,NaN,NaN,NaN
