ID,type
20230411_smode2_B1.16S.exp.,UNK
20230411_smode2_B10.16S.exp.,UNK
20230411_smode2_B2.16S.exp.,UNK
20230411_smode2_B3.16S.exp.,UNK
20230411_smode2_B4.16S.exp.,UNK
20230411_smode2_B5.16S.exp.,UNK
20230411_smode2_B6.16S.exp.,UNK
20230411_smode2_B7.16S.exp.,UNK
20230411_smode2_B8.16S.exp.,UNK
20230411_smode2_B9.16S.exp.,UNK
20230411_smode2_C1N13.16S.exp.,UNK
20230411_smode2_C1N16.16S.exp.,UNK
20230411_smode2_C1N19.16S.exp.,UNK
20230411_smode2_C1N7.16S.exp.,UNK
20230411_smode2_C1N9.16S.exp.,UNK
20230411_smode2_C2N10.16S.exp.,UNK
20230411_smode2_C2N12.16S.exp.,UNK
20230412_smode2_B11.16S.exp.,UNK
20230412_smode2_B12.16S.exp.,UNK
20230412_smode2_B13.16S.exp.,UNK
20230412_smode2_B14.16S.exp.,UNK
20230412_smode2_B15.16S.exp.,UNK
20230412_smode2_B16.16S.exp.,UNK
20230412_smode2_B17.16S.exp.,UNK
20230412_smode2_C3N10.16S.exp.,UNK
20230412_smode2_C3N12.16S.exp.,UNK
20230412_smode2_C3N16.16S.exp.,UNK
20230412_smode2_C3N4.16S.exp.,UNK
20230412_smode2_C3N8.16S.exp.,UNK
20230412_smode2_C4N10.16S.exp.,UNK
20230412_smode2_C4N4.16S.exp.,UNK
20230412_smode2_C4N8.16S.exp.,UNK
20230412_smode2_C5N10.16S.exp.,UNK
20230412_smode2_C5N14.16S.exp.,UNK
20230412_smode2_C5N18.16S.exp.,UNK
20230412_smode2_C5N4.16S.exp.,UNK
20230412_smode2_C5N8.16S.exp.,UNK
20230412_smode2_C6N10.16S.exp.,UNK
20230412_smode2_C6N16.16S.exp.,UNK
20230412_smode2_C6N4.16S.exp.,UNK
20230416_smode2_B18.16S.exp.,UNK
20230416_smode2_B19.16S.exp.,UNK
20230416_smode2_B20.16S.exp.,UNK
20230416_smode2_B21.16S.exp.,UNK
20230416_smode2_B22.16S.exp.,UNK
20230416_smode2_B23.16S.exp.,UNK
20230416_smode2_B24.16S.exp.,UNK
20230416_smode2_B25.16S.exp.,UNK
20230416_smode2_B26.16S.exp.,UNK
20230416_smode2_B27.16S.exp.,UNK
20230416_smode2_B28.16S.exp.,UNK
20230416_smode2_B29.16S.exp.,UNK
20230416_smode2_B30.16S.exp.,UNK
20230417_smode2_B31.16S.exp.,UNK
20230417_smode2_B32.16S.exp.,UNK
20230417_smode2_B33.16S.exp.,UNK
20230417_smode2_B34.16S.exp.,UNK
20230417_smode2_B35.16S.exp.,UNK
20230417_smode2_B36.16S.exp.,UNK
20230417_smode2_B37.16S.exp.,UNK
20230417_smode2_B38.16S.exp.,UNK
20230417_smode2_B39.16S.exp.,UNK
20230417_smode2_B40.16S.exp.,UNK
20230417_smode2_C8N10.16S.exp.,UNK
20230417_smode2_C8N12.16S.exp.,UNK
20230417_smode2_C8N18.16S.exp.,UNK
20230417_smode2_C8N22.16S.exp.,UNK
20230417_smode2_C8N4.16S.exp.,UNK
20230417_smode2_C8N8.16S.exp.,UNK
20230419_smode2_B41.16S.exp.,NED
20230419_smode2_C11N10.16S.exp.,UNK
20230419_smode2_C11N12.16S.exp.,UNK
20230419_smode2_C11N18.16S.exp.,UNK
20230419_smode2_C11N22.16S.exp.,UNK
20230419_smode2_C11N4.16S.exp.,UNK
20230419_smode2_C12N10.16S.exp.,UNK
20230419_smode2_C12N12.16S.exp.,UNK
20230419_smode2_C12N18.16S.exp.,UNK
20230419_smode2_C12N22.16S.exp.,UNK
20230419_smode2_C12N8.16S.exp.,UNK
20230419_smode2_C9N12.16S.exp.,UNK
20230419_smode2_C9N16.16S.exp.,UNK
20230419_smode2_C9N18.16S.exp.,UNK
20230419_smode2_C9N22.16S.exp.,UNK
20230419_smode2_C9N8.16S.exp.,UNK
20230420_smode2_B42.16S.exp.,SED
20230420_smode2_B43.16S.exp.,SED
20230420_smode2_B44.16S.exp.,COR
20230420_smode2_B45.16S.exp.,COR
20230420_smode2_B46.16S.exp.,NED
20230420_smode2_B47.16S.exp.,NED
20230420_smode2_B48.16S.exp.,NED
20230420_smode2_B49.16S.exp.,NED
20230420_smode2_B50.16S.exp.,NFIL
20230421_smode2_B51.16S.exp.,SFIL
20230421_smode2_B52.16S.exp.,SFIL
20230421_smode2_B53.16S.exp.,SFIL
20230421_smode2_B54.16S.exp.,SED
20230421_smode2_B55.16S.exp.,SED
20230421_smode2_B56.16S.exp.,COR
20230421_smode2_B57.16S.exp.,NED
20230421_smode2_C13N12.16S.exp.,UNK
20230421_smode2_C13N16.16S.exp.,UNK
20230421_smode2_C13N18.16S.exp.,UNK
20230421_smode2_C13N22.16S.exp.,UNK
20230421_smode2_C13N4.16S.exp.,UNK
20230421_smode2_C13N8.16S.exp.,UNK
20230422_smode2_B58.16S.exp.,COR
20230422_smode2_B59.16S.exp.,SED
20230422_smode2_B60.16S.exp.,SED
20230422_smode2_B61.16S.exp.,SFIL
20230422_smode2_B62.16S.exp.,SFIL
20230422_smode2_B63.16S.exp.,SFIL
20230422_smode2_B64.16S.exp.,SFIL
20230422_smode2_B65.16S.exp.,SFIL
20230422_smode2_B66.16S.exp.,OUT
20230422_smode2_B67.16S.exp.,OUT
20230422_smode2_C14N10.16S.exp.,UNK
20230422_smode2_C14N14.16S.exp.,UNK
20230422_smode2_C14N18.16S.exp.,UNK
20230422_smode2_C14N22.16S.exp.,UNK
20230422_smode2_C14N4.16S.exp.,UNK
20230422_smode2_C15N10.16S.exp.,UNK
20230422_smode2_C15N14.16S.exp.,UNK
20230422_smode2_C15N18.16S.exp.,UNK
20230422_smode2_C15N22.16S.exp.,UNK
20230422_smode2_C15N4.16S.exp.,UNK
20230423_smode2_C16N12.16S.exp.,UNK
20230423_smode2_C16N16.16S.exp.,UNK
20230423_smode2_C16N18.16S.exp.,UNK
20230423_smode2_C16N22.16S.exp.,UNK
20230423_smode2_C16N8.16S.exp.,UNK
20230424_smode2_C17N16.16S.exp.,UNK
20230424_smode2_C17N18.16S.exp.,UNK
20230424_smode2_C17N22.16S.exp.,UNK
20230424_smode2_C17N4.16S.exp.,UNK
20230424_smode2_C17N8.16S.exp.,UNK
20230424_smode2_C18N12.16S.exp.,UNK
20230424_smode2_C18N16.16S.exp.,UNK
20230424_smode2_C18N18.16S.exp.,UNK
20230424_smode2_C18N22.16S.exp.,UNK
20230424_smode2_C18N8.16S.exp.,UNK
20230424_smode2_C19N10.16S.exp.,UNK
20230424_smode2_C19N16.16S.exp.,UNK
20230424_smode2_C19N18.16S.exp.,UNK
20230424_smode2_C19N22.16S.exp.,UNK
20230424_smode2_C19N4.16S.exp.,UNK
20230424_smode2_C20N16.16S.exp.,UNK
20230424_smode2_C20N18.16S.exp.,UNK
20230424_smode2_C20N22.16S.exp.,UNK
20230424_smode2_C20N4.16S.exp.,UNK
20230424_smode2_C20N8.16S.exp.,UNK
20230424_smode2_C21N10.16S.exp.,UNK
20230424_smode2_C21N12.16S.exp.,UNK
20230424_smode2_C21N18.16S.exp.,UNK
20230424_smode2_C21N22.16S.exp.,UNK
20230424_smode2_C21N8.16S.exp.,UNK
20230425_smode2_B68.16S.exp.,EDGE
20230425_smode2_B69.16S.exp.,EDGE
20230425_smode2_B70.16S.exp.,EDGE
20230425_smode2_B71.16S.exp.,EDGE
20230425_smode2_B72.16S.exp.,EDGE
20230425_smode2_B73.16S.exp.,EDGE
20230425_smode2_B74.16S.exp.,EDGE
20230425_smode2_B75.16S.exp.,UNK
20230425_smode2_B76.16S.exp.,EDGE
20230425_smode2_B77.16S.exp.,EDGE
20230425_smode2_B78.16S.exp.,EDGE
20230425_smode2_B79.16S.exp.,EDGE
20230425_smode2_B80.16S.exp.,EDGE
20230425_smode2_B81.16S.exp.,EDGE
20230425_smode2_B82.16S.exp.,EDGE
20230425_smode2_B83.16S.exp.,COR
20230425_smode2_B84.16S.exp.,COR
20230425_smode2_B85.16S.exp.,COR
20230425_smode2_B86.16S.exp.,UNK
20230425_smode2_B87.16S.exp.,UNK
20230425_smode2_C22N12.16S.exp.,UNK
20230425_smode2_C22N16.16S.exp.,UNK
20230425_smode2_C22N20.16S.exp.,UNK
20230425_smode2_C22N22.16S.exp.,UNK
20230425_smode2_C22N4.16S.exp.,UNK
20230425_smode2_C22N8.16S.exp.,UNK
20230426_smode2_C23N18.16S.exp.,UNK
20230426_smode2_C23N22.16S.exp.,UNK
20230426_smode2_C23N4.16S.exp.,UNK
20230426_smode2_C23N8.16S.exp.,UNK
20230426_smode2_C24N12.16S.exp.,UNK
20230426_smode2_C24N16.16S.exp.,EDGE
20230426_smode2_C24N20.16S.exp.,UNK
20230426_smode2_C24N22.16S.exp.,UNK
20230426_smode2_C24N8.16S.exp.,UNK
202304266_smode2_C23N12.16S.exp.,UNK
20230427_smode2_B100.16S.exp.,UNK
20230427_smode2_B101.16S.exp.,UNK
20230427_smode2_B102.16S.exp.,UNK
20230427_smode2_B103.16S.exp.,EDGE
20230427_smode2_B104.16S.exp.,EDGE
20230427_smode2_B105.16S.exp.,EDGE
20230427_smode2_B106.16S.exp.,EDGE
20230427_smode2_B107.16S.exp.,EDGE
20230427_smode2_B88.16S.exp.,UNK
20230427_smode2_B89.16S.exp.,EDGE
20230427_smode2_B90.16S.exp.,EDGE
20230427_smode2_B91.16S.exp.,EDGE
20230427_smode2_B92.16S.exp.,EDGE
20230427_smode2_B93.16S.exp.,EDGE
20230427_smode2_B94.16S.exp.,UNK
20230427_smode2_B95.16S.exp.,UNK
20230427_smode2_B96.16S.exp.,UNK
20230427_smode2_B97.16S.exp.,UNK
20230427_smode2_B98.16S.exp.,UNK
20230427_smode2_B99.16S.exp.,UNK
20230427_smode2_C26N12.16S.exp.,UNK
20230427_smode2_C26N16.16S.exp.,UNK
20230427_smode2_C26N20.16S.exp.,UNK
20230427_smode2_C26N22.16S.exp.,UNK
20230427_smode2_C26N4.16S.exp.,UNK
20230427_smode2_C26N8.16S.exp.,UNK
20230428_smode2_C27N12.16S.exp.,UNK
20230428_smode2_C27N16.16S.exp.,UNK
20230428_smode2_C27N22.16S.exp.,UNK
20230428_smode2_C27N4.16S.exp.,UNK
20230428_smode2_C27N8.16S.exp.,UNK
20230429_smode2_B108.16S.exp.,UNK
20230429_smode2_B109.16S.exp.,UNK
20230429_smode2_B110.16S.exp.,UNK
20230429_smode2_B111.16S.exp.,UNK
20230429_smode2_B112.16S.exp.,UNK
20230429_smode2_B113.16S.exp.,UNK
20230429_smode2_B114.16S.exp.,UNK
20230429_smode2_B115.16S.exp.,UNK
20230429_smode2_B116.16S.exp.,UNK
20230429_smode2_B117.16S.exp.,UNK
20230430_smode2_B118.16S.exp.,UNK
20230430_smode2_B119.16S.exp.,UNK
20230430_smode2_B120.16S.exp.,UNK
20230430_smode2_B121.16S.exp.,UNK
20230430_smode2_B122.16S.exp.,UNK
20230430_smode2_B123.16S.exp.,UNK
20230430_smode2_B124.16S.exp.,UNK
20230430_smode2_B125.16S.exp.,UNK
20230430_smode2_B126.16S.exp.,UNK
20230430_smode2_B127.16S.exp.,UNK
20230430_smode2_B128.16S.exp.,UNK
20230430_smode2_B129.16S.exp.,UNK
20230430_smode2_B130.16S.exp.,UNK
20230430_smode2_B131.16S.exp.,UNK
20230430_smode2_B132.16S.exp.,UNK
20230430_smode2_B133.16S.exp.,UNK
20230430_smode2_B134.16S.exp.,UNK
20230501_smode2_C28N10.16S.exp.,UNK
20230501_smode2_C28N12.16S.exp.,UNK
20230501_smode2_C28N2.16S.exp.,UNK
20230501_smode2_C28N4.16S.exp.,UNK
20230501_smode2_C28N8.16S.exp.,UNK
20230501_smode2_C29N10.16S.exp.,UNK
20230501_smode2_C29N12.16S.exp.,UNK
20230501_smode2_C29N14.16S.exp.,UNK
20230501_smode2_C29N2.16S.exp.,UNK
20230501_smode2_C29N4.16S.exp.,UNK
20230501_smode2_C29N8.16S.exp.,UNK
20230501_smode2_C30N10.16S.exp.,UNK
20230501_smode2_C30N12.16S.exp.,UNK
20230501_smode2_C30N2.16S.exp.,UNK
20230501_smode2_C30N4.16S.exp.,UNK
20230501_smode2_C30N8.16S.exp.,UNK
20230501_smode2_C31N10.16S.exp.,UNK
20230501_smode2_C31N12.16S.exp.,UNK
20230501_smode2_C31N2.16S.exp.,UNK
20230501_smode2_C31N4.16S.exp.,UNK
20230501_smode2_C31N8.16S.exp.,UNK
20230501_smode2_C32N10.16S.exp.,UNK
20230501_smode2_C32N12.16S.exp.,UNK
20230501_smode2_C32N2.16S.exp.,UNK
20230501_smode2_C32N4.16S.exp.,UNK
20230501_smode2_C32N8.16S.exp.,UNK
20230501_smode2_C33N10.16S.exp.,UNK
20230501_smode2_C33N12.16S.exp.,UNK
20230501_smode2_C33N2.16S.exp.,UNK
20230501_smode2_C33N4.16S.exp.,UNK
20230501_smode2_C33N8.16S.exp.,UNK
20230502_smode2_B135.16S.exp.,UNK
20230502_smode2_B136.16S.exp.,UNK
20230502_smode2_B137.16S.exp.,UNK
20230502_smode2_B138.16S.exp.,UNK
20230502_smode2_B139.16S.exp.,UNK
blank.16S.exp.,UNK
